,GEOID,County ,median_rent,monthly_BnB,rent_diff,poverty_rate,premium_pct_median_rent
2,36005000400,Bronx,1448.0,3825.0,2377.0,0.114119922631,1.64157458564
3,36005001600,Bronx,950.0,2460.0,1510.0,0.231988472622,1.58947368421
4,36005001900,Bronx,1140.0,3191.25,2051.25,0.262472885033,1.79934210526
5,36005002300,Bronx,405.0,2900.0,2495.0,0.588034188034,6.16049382716
7,36005002500,Bronx,549.0,3000.0,2451.0,0.498397435897,4.46448087432
12,36005003900,Bronx,954.0,3510.0,2556.0,0.280535855004,2.67924528302
14,36005004200,Bronx,795.0,1260.0,465.0,0.355758266819,0.584905660377
21,36005005902,Bronx,1217.0,4350.0,3133.0,0.237068965517,2.57436318817
23,36005006100,Bronx,954.0,1980.0,1026.0,0.036036036036,1.07547169811
25,36005006300,Bronx,1153.0,3432.5,2279.5,0.248031496063,1.97701647875
29,36005007000,Bronx,1284.0,1170.0,-114.0,0.254291845494,-0.088785046729
34,36005007500,Bronx,757.0,3750.0,2993.0,0.308390022676,3.95376486129
39,36005008500,Bronx,914.0,3150.0,2236.0,0.344104803493,2.44638949672
41,36005008700,Bronx,962.0,2820.0,1858.0,0.265095729013,1.93139293139
43,36005009000,Bronx,435.0,2550.0,2115.0,0.31746031746,4.86206896552
44,36005009200,Bronx,1304.0,3570.0,2266.0,0.188888888889,1.73773006135
45,36005009300,Bronx,1104.0,1500.0,396.0,0.316267547481,0.358695652174
53,36005012101,Bronx,1055.0,3570.0,2515.0,0.398473282443,2.38388625592
56,36005012500,Bronx,1127.0,3150.0,2023.0,0.379942140791,1.7950310559
61,36005013300,Bronx,706.0,6435.0,5729.0,0.267889908257,8.11473087819
64,36005014100,Bronx,1010.0,6750.0,5740.0,0.278015397776,5.68316831683
73,36005016000,Bronx,1636.0,2820.0,1184.0,0.0,0.723716381418
87,36005018102,Bronx,1077.0,3750.0,2673.0,0.291525423729,2.48189415042
90,36005018900,Bronx,1054.0,2700.0,1646.0,0.412566686426,1.56166982922
92,36005019400,Bronx,1386.0,2130.0,744.0,0.215605749487,0.536796536797
93,36005019500,Bronx,1062.0,3660.0,2598.0,0.325892857143,2.44632768362
97,36005020100,Bronx,1061.0,1830.0,769.0,0.380147835269,0.72478793591
103,36005021001,Bronx,1144.0,2580.0,1436.0,0.138235294118,1.25524475524
104,36005021002,Bronx,1142.0,2640.0,1498.0,0.129291453616,1.31173380035
105,36005021100,Bronx,999.0,3600.0,2601.0,0.449411764706,2.6036036036
111,36005021800,Bronx,1159.0,5850.0,4691.0,0.214470284238,4.04745470233
115,36005022102,Bronx,1109.0,1980.0,871.0,0.571045576408,0.785392245266
116,36005022200,Bronx,1254.0,2190.0,936.0,0.215080346106,0.746411483254
119,36005022403,Bronx,1269.0,3075.0,1806.0,0.272123893805,1.4231678487
120,36005022404,Bronx,1190.0,2640.0,1450.0,0.17417162277,1.21848739496
124,36005022800,Bronx,1342.0,12030.0,10688.0,0.188796680498,7.96423248882
125,36005022901,Bronx,1048.0,3750.0,2702.0,0.417959183673,2.57824427481
129,36005023200,Bronx,1259.0,3870.0,2611.0,0.21512605042,2.07386814932
131,36005023302,Bronx,1245.0,5550.0,4305.0,0.458498023715,3.4578313253
139,36005024000,Bronx,1233.0,18945.0,17712.0,0.232690124858,14.3649635036
146,36005025000,Bronx,1325.0,1800.0,475.0,0.113268608414,0.358490566038
147,36005025100,Bronx,1025.0,1800.0,775.0,0.324460431655,0.756097560976
151,36005025600,Bronx,1295.0,25350.0,24055.0,0.202830188679,18.5752895753
152,36005025700,Bronx,1083.0,3600.0,2517.0,0.282383419689,2.32409972299
158,36005026602,Bronx,1130.0,2025.0,895.0,0.205431754875,0.79203539823
163,36005027401,Bronx,1421.0,2970.0,1549.0,0.0374665477252,1.09007741027
166,36005027900,Bronx,1237.0,3250.0,2013.0,0.0886524822695,1.62732417138
168,36005028300,Bronx,801.0,3570.0,2769.0,0.339930151339,3.45692883895
170,36005028500,Bronx,1331.0,2370.0,1039.0,0.138957816377,0.780616078137
174,36005028900,Bronx,1200.0,5070.0,3870.0,0.051256281407,3.225
176,36005029302,Bronx,1943.0,5092.5,3149.5,0.0,1.62094698919
177,36005029500,Bronx,1643.0,2610.0,967.0,0.0317991631799,0.588557516738
179,36005029700,Bronx,1503.0,4050.0,2547.0,0.00970873786408,1.69461077844
180,36005030000,Bronx,1250.0,4500.0,3250.0,0.059377262853,2.6
182,36005030701,Bronx,1758.0,2700.0,942.0,0.0618066561014,0.535836177474
183,36005030900,Bronx,1785.0,4890.0,3105.0,0.0144927536232,1.73949579832
184,36005031000,Bronx,1741.0,2100.0,359.0,0.0793140407288,0.206203331419
185,36005031200,Bronx,1549.0,2070.0,521.0,0.0647773279352,0.336346029697
186,36005031400,Bronx,1173.0,2250.0,1077.0,0.037773359841,0.918158567775
192,36005032600,Bronx,1407.0,3750.0,2343.0,0.0341394025605,1.66524520256
197,36005033500,Bronx,1355.0,1620.0,265.0,0.0,0.19557195572
202,36005034200,Bronx,1170.0,2700.0,1530.0,0.17903930131,1.30769230769
205,36005034500,Bronx,1488.0,3900.0,2412.0,0.112388250319,1.62096774194
206,36005035000,Bronx,1577.0,2970.0,1393.0,0.144957983193,0.883322764743
207,36005035100,Bronx,1481.0,3750.0,2269.0,0.137184115523,1.5320729237
208,36005035600,Bronx,1483.0,2130.0,647.0,0.0349907918969,0.436277815239
209,36005035800,Bronx,1339.0,2370.0,1031.0,0.0811546840959,0.76997759522
210,36005035900,Bronx,970.0,2550.0,1580.0,0.423326133909,1.62886597938
211,36005036000,Bronx,1503.0,2970.0,1467.0,0.0496551724138,0.976047904192
212,36005036300,Bronx,903.0,1560.0,657.0,0.488289205703,0.727574750831
217,36005036800,Bronx,1446.0,4330.0,2884.0,0.121654501217,1.99446749654
228,36005038000,Bronx,1132.0,2115.0,983.0,0.408340573414,0.868374558304
229,36005038100,Bronx,1172.0,3270.0,2098.0,0.295897780767,1.79010238908
233,36005038600,Bronx,1282.0,2670.0,1388.0,0.137870855148,1.08268330733
238,36005039200,Bronx,1253.0,3000.0,1747.0,0.272222222222,1.3942537909
242,36005039600,Bronx,1230.0,2835.0,1605.0,0.308628318584,1.30487804878
244,36005039800,Bronx,1299.0,3135.0,1836.0,0.158518518519,1.41339491917
245,36005039901,Bronx,1109.0,1800.0,691.0,0.424543946932,0.623083859333
246,36005039902,Bronx,1080.0,1950.0,870.0,0.391150442478,0.805555555556
248,36005040302,Bronx,1154.0,3900.0,2746.0,0.363636363636,2.37954939341
252,36005040502,Bronx,1116.0,3000.0,1884.0,0.354368932039,1.68817204301
261,36005041800,Bronx,1258.0,2550.0,1292.0,0.331632653061,1.02702702703
262,36005041900,Bronx,1169.0,2400.0,1231.0,0.181575433912,1.05303678358
265,36005042200,Bronx,1298.0,3750.0,2452.0,0.15033557047,1.88906009245
266,36005042300,Bronx,1204.0,3750.0,2546.0,0.375624375624,2.1146179402
267,36005042400,Bronx,1267.0,2370.0,1103.0,0.115942028986,0.870560378848
268,36005042500,Bronx,1211.0,2850.0,1639.0,0.372549019608,1.3534269199
269,36005042600,Bronx,1532.0,2940.0,1408.0,0.121305418719,0.919060052219
272,36005042902,Bronx,1212.0,3900.0,2688.0,0.315637065637,2.21782178218
275,36005043400,Bronx,1181.0,4150.0,2969.0,0.129207383279,2.51397121084
277,36005043600,Bronx,1208.0,2700.0,1492.0,0.138047138047,1.23509933775
282,36005044902,Bronx,1312.0,2325.0,1013.0,0.0438413361169,0.772103658537
283,36005045101,Bronx,1379.0,2640.0,1261.0,0.0226628895184,0.914430746918
290,36005051600,Bronx,1365.0,3990.0,2625.0,0.0,1.92307692308
291,36047000100,Kings,1434.0,8048.57142857,6614.57142857,0.0,4.61267184698
293,36047000301,Kings,1955.0,5485.71428571,3530.71428571,0.0,1.805991962
294,36047000501,Kings,1853.0,5042.5,3189.5,0.0432569974555,1.72126281705
295,36047000502,Kings,1979.0,8655.0,6676.0,0.0714285714286,3.37342091966
296,36047000700,Kings,2138.0,5215.26315789,3077.26315789,0.0118279569892,1.43931859583
297,36047000900,Kings,2460.0,5359.09090909,2899.09090909,0.0224867724868,1.17849223947
298,36047001100,Kings,2682.0,5232.0,2550.0,0.024154589372,0.950782997763
299,36047001300,Kings,2188.0,5220.0,3032.0,0.0153452685422,1.38574040219
300,36047001500,Kings,2156.0,5377.5,3221.5,0.224328593997,1.49420222635
302,36047002000,Kings,1425.0,3000.0,1575.0,0.197986577181,1.10526315789
303,36047002100,Kings,3213.0,6867.14285714,3654.14285714,0.0143129770992,1.13729936419
304,36047002200,Kings,1139.0,2490.0,1351.0,0.246323529412,1.18612818262
305,36047002300,Kings,429.0,5955.0,5526.0,0.409448818898,12.8811188811
308,36047003100,Kings,1661.0,5721.0,4060.0,0.0,2.44431065623
309,36047003300,Kings,2099.0,8345.85365854,6246.85365854,0.114782608696,2.97610941331
310,36047003400,Kings,1357.0,2970.0,1613.0,0.134099616858,1.18865143699
311,36047003500,Kings,1297.0,7786.15384615,6489.15384615,0.0238095238095,5.00320265702
312,36047003600,Kings,1381.0,2475.0,1094.0,0.0467289719626,0.792179580014
313,36047003700,Kings,2581.0,4700.0,2119.0,0.0432432432432,0.820999612553
314,36047003800,Kings,1519.0,3360.0,1841.0,0.0175438596491,1.21198156682
315,36047004100,Kings,2060.0,6079.02439024,4019.02439024,0.0,1.95098271371
316,36047004300,Kings,1768.0,5151.5625,3383.5625,0.0,1.91377969457
318,36047004500,Kings,2094.0,5931.81818182,3837.81818182,0.0,1.83276895025
320,36047004700,Kings,1601.0,8478.46153846,6877.46153846,0.0321931589537,4.29572863114
321,36047004900,Kings,1922.0,7805.45454545,5883.45454545,0.0,3.06111058556
322,36047005000,Kings,1577.0,2670.0,1093.0,0.0231884057971,0.693088142042
323,36047005100,Kings,2101.0,3819.0,1718.0,0.0330097087379,0.817705854355
324,36047005201,Kings,575.0,3200.0,2625.0,0.150501672241,4.5652173913
326,36047005300,Kings,1506.0,5657.14285714,4151.14285714,0.160869565217,2.75640295959
327,36047005400,Kings,1427.0,2505.0,1078.0,0.147794994041,0.755430974071
328,36047005601,Kings,1358.0,3650.0,2292.0,0.0431778929188,1.68777614138
329,36047005602,Kings,1229.0,3870.0,2641.0,0.0626865671642,2.14890154597
330,36047005800,Kings,1315.0,5485.0,4170.0,0.210875331565,3.1711026616
331,36047006000,Kings,1373.0,2730.0,1357.0,0.150387596899,0.988346686089
332,36047006200,Kings,1401.0,2700.0,1299.0,0.159356725146,0.927194860814
333,36047006300,Kings,2207.0,5785.0,3578.0,0.0328947368421,1.621205256
335,36047006600,Kings,1322.0,6900.0,5578.0,0.108140947752,4.21936459909
336,36047006800,Kings,1329.0,3005.0,1676.0,0.264607679466,1.26109857035
337,36047006900,Kings,2235.0,6511.57894737,4276.57894737,0.0518638573744,1.913458142
338,36047007000,Kings,1125.0,8460.0,7335.0,0.104501607717,6.52
340,36047007400,Kings,1442.0,3350.0,1908.0,0.296047098402,1.32316227462
341,36047007500,Kings,2154.0,6428.93617021,4274.93617021,0.0127659574468,1.9846500326
342,36047007600,Kings,1273.0,3450.0,2177.0,0.366137566138,1.71013354281
343,36047007800,Kings,1288.0,2352.0,1064.0,0.236123348018,0.826086956522
344,36047008000,Kings,1371.0,4650.0,3279.0,0.105952380952,2.39168490153
345,36047008200,Kings,1261.0,3120.0,1859.0,0.330158730159,1.47422680412
346,36047008500,Kings,360.0,4474.28571429,4114.28571429,0.478764478764,11.4285714286
348,36047008800,Kings,1481.0,2985.0,1504.0,0.0744680851064,1.01553004727
350,36047009200,Kings,1242.0,2820.0,1578.0,0.385826771654,1.27053140097
351,36047009400,Kings,1239.0,3090.0,1851.0,0.339052287582,1.49394673123
352,36047009600,Kings,1231.0,3547.5,2316.5,0.355366027008,1.88180341186
353,36047009800,Kings,1228.0,3700.0,2472.0,0.467762326169,2.01302931596
354,36047010000,Kings,1063.0,2850.0,1787.0,0.383665065202,1.68109125118
355,36047010100,Kings,1182.0,4640.0,3458.0,0.220573689416,2.9255499154
358,36047010800,Kings,1019.0,2325.0,1306.0,0.361530715005,1.28164867517
359,36047011000,Kings,1299.0,18000.0,16701.0,0.244488977956,12.856812933
363,36047011700,Kings,1655.0,4650.0,2995.0,0.116279069767,1.80966767372
364,36047011800,Kings,1276.0,3135.0,1859.0,0.292598967298,1.45689655172
366,36047012100,Kings,2043.0,5103.75,3060.75,0.0616621983914,1.49816446402
367,36047012200,Kings,1228.0,5400.0,4172.0,0.349005424955,3.39739413681
370,36047012901,Kings,2168.0,6277.5,4109.5,0.122494432071,1.89552583026
371,36047013000,Kings,1213.0,2304.0,1091.0,0.213017751479,0.899422918384
372,36047013100,Kings,1801.0,4907.30769231,3106.30769231,0.0752688172043,1.72476829112
374,36047013300,Kings,2184.0,5912.14285714,3728.14285714,0.0200803212851,1.70702511774
375,36047013400,Kings,1306.0,9000.0,7694.0,0.0479041916168,5.89127105666
376,36047013500,Kings,2250.0,5905.38461538,3655.38461538,0.00817757009346,1.62461538461
378,36047013800,Kings,1491.0,3750.0,2259.0,0.193808882907,1.51509054326
379,36047013900,Kings,1805.0,5785.16129032,3980.16129032,0.0363864491844,2.2050755071
380,36047014000,Kings,1316.0,2550.0,1234.0,0.116389548694,0.937689969605
381,36047014200,Kings,1358.0,4960.0,3602.0,0.190735694823,2.65243004418
382,36047014500,Kings,1465.0,4685.2173913,3220.2173913,0.0417246175243,2.1981006084
383,36047014700,Kings,1791.0,4391.53846154,2600.53846154,0.097619047619,1.45200360778
384,36047014800,Kings,1441.0,2250.0,809.0,0.0869565217391,0.561415683553
386,36047015300,Kings,1960.0,6594.28571429,4634.28571429,0.0,2.36443148688
388,36047015500,Kings,2099.0,6000.0,3901.0,0.0422386483633,1.85850404955
389,36047015700,Kings,2016.0,4785.0,2769.0,0.0,1.37351190476
390,36047015900,Kings,2140.0,5954.48275862,3814.48275862,0.0147783251232,1.78246857879
391,36047016000,Kings,1317.0,2550.0,1233.0,0.184259259259,0.936218678815
392,36047016100,Kings,1936.0,5470.90909091,3534.90909091,0.0914728682171,1.82588279489
393,36047016200,Kings,1455.0,3650.0,2195.0,0.0584415584416,1.50859106529
394,36047016500,Kings,2237.0,7877.30769231,5640.30769231,0.0,2.52137134211
395,36047016600,Kings,2034.0,4680.0,2646.0,0.0466321243523,1.30088495575
396,36047016700,Kings,1866.0,5499.31034483,3633.31034483,0.0789473684211,1.94711165318
397,36047016800,Kings,1256.0,3000.0,1744.0,0.0777096114519,1.38853503185
398,36047016900,Kings,1737.0,4597.5,2860.5,0.211158798283,1.64680483592
399,36047017000,Kings,1488.0,2550.0,1062.0,0.119956379498,0.713709677419
400,36047017100,Kings,2020.0,5133.33333333,3113.33333333,0.0225563909774,1.54125412541
402,36047017400,Kings,1255.0,3300.0,2045.0,0.0810810810811,1.62948207171
406,36047017800,Kings,1296.0,3300.0,2004.0,0.186217008798,1.5462962963
407,36047017900,Kings,1135.0,5500.90909091,4365.90909091,0.179334916865,3.84661593913
409,36047018100,Kings,1490.0,4583.42465753,3093.42465753,0.046178343949,2.07612393123
411,36047018300,Kings,1961.0,4896.6,2935.6,0.0112903225806,1.49699133095
413,36047018501,Kings,452.0,3960.0,3508.0,0.52444076222,7.7610619469
415,36047018700,Kings,1941.0,4080.0,2139.0,0.0585774058577,1.10200927357
417,36047019000,Kings,1154.0,3600.0,2446.0,0.218333333333,2.11958405546
418,36047019100,Kings,1940.0,5899.0,3959.0,0.134686346863,2.04072164948
420,36047019300,Kings,1203.0,5098.18181818,3895.18181818,0.071724137931,3.23789012318
422,36047019500,Kings,1657.0,15202.7027027,13545.7027027,0.0631720430108,8.1748356685
424,36047019700,Kings,1929.0,12060.8571429,10131.8571429,0.134414831981,5.25238835816
425,36047019800,Kings,1290.0,4800.0,3510.0,0.160520607375,2.72093023256
426,36047019900,Kings,1396.0,5039.41176471,3643.41176471,0.0717131474104,2.60989381426
427,36047020000,Kings,1506.0,3900.0,2394.0,0.158516020236,1.58964143426
429,36047020300,Kings,2010.0,4698.29268293,2688.29268293,0.116959064327,1.33745904623
431,36047020500,Kings,1872.0,5021.25,3149.25,0.0187969924812,1.68229166667
433,36047020800,Kings,1235.0,3900.0,2665.0,0.161016949153,2.15789473684
434,36047021100,Kings,1226.0,5323.33333333,4097.33333333,0.165625,3.34203371397
435,36047021300,Kings,1188.0,4113.52941176,2925.52941176,0.260548523207,2.46256684492
438,36047021700,Kings,1118.0,3900.0,2782.0,0.165113182423,2.48837209302
440,36047021900,Kings,1302.0,4221.11111111,2919.11111111,0.161379310345,2.24202082267
442,36047022100,Kings,1193.0,3570.88235294,2377.88235294,0.161449752883,1.99319560179
443,36047022400,Kings,1519.0,2100.0,581.0,0.415094339623,0.382488479263
444,36047022600,Kings,1313.0,1890.0,577.0,0.261904761905,0.439451637471
445,36047022700,Kings,1345.0,5002.30769231,3657.30769231,0.089552238806,2.71918787532
446,36047023100,Kings,1599.0,6134.34782609,4535.34782609,0.135185185185,2.83636511951
448,36047023300,Kings,798.0,5381.08695652,4583.08695652,0.288805268109,5.74321673749
450,36047023500,Kings,1370.0,5161.66666667,3791.66666667,0.376811594203,2.76763990268
451,36047023800,Kings,1378.0,2250.0,872.0,0.302348336595,0.632801161103
453,36047024100,Kings,1678.0,5199.6,3521.6,0.26213592233,2.09868891538
455,36047024300,Kings,1218.0,5352.6,4134.6,0.1,3.39458128079
456,36047024500,Kings,1172.0,4317.0,3145.0,0.147948164147,2.68344709898
458,36047024700,Kings,1179.0,4088.07692308,2909.07692308,0.199052132701,2.46741045215
459,36047024800,Kings,1236.0,2370.0,1134.0,0.240056818182,0.917475728155
460,36047024900,Kings,1246.0,4528.53658537,3282.53658537,0.150306748466,2.63445953882
462,36047025200,Kings,1214.0,3060.0,1846.0,0.165348670022,1.52059308072
463,36047025400,Kings,1093.0,6900.0,5807.0,0.184759916493,5.31290027447
465,36047025700,Kings,1323.0,2947.5,1624.5,0.381081081081,1.22789115646
468,36047026100,Kings,1392.0,4313.33333333,2921.33333333,0.166332665331,2.09865900383
469,36047026200,Kings,1127.0,2550.0,1423.0,0.20607028754,1.26264418811
472,36047026700,Kings,1147.0,5088.23529412,3941.23529412,0.180327868852,3.43612492949
474,36047026900,Kings,1229.0,5334.82758621,4105.82758621,0.0775623268698,3.34078729553
476,36047027100,Kings,1304.0,3901.66666667,2597.66666667,0.223903177005,1.99207566462
477,36047027200,Kings,1252.0,1890.0,638.0,0.166051660517,0.509584664537
478,36047027300,Kings,906.0,3877.5,2971.5,0.252427184466,3.2798013245
480,36047027500,Kings,1397.0,3966.38297872,2569.38297872,0.183157894737,1.83921473065
481,36047027600,Kings,1222.0,3230.0,2008.0,0.219318181818,1.64320785597
482,36047027700,Kings,1126.0,3887.77777778,2761.77777778,0.320866141732,2.45273337281
483,36047027800,Kings,1233.0,2240.0,1007.0,0.190114068441,0.816707218167
484,36047027900,Kings,1069.0,4059.6,2990.6,0.0594530321046,2.79756782039
488,36047028501,Kings,1941.0,3450.0,1509.0,0.0,0.77743431221
489,36047028502,Kings,437.0,2980.0,2543.0,0.473190348525,5.81922196796
491,36047028700,Kings,752.0,3580.71428571,2828.71428571,0.290940766551,3.76158814589
493,36047028900,Kings,1031.0,3827.36842105,2796.36842105,0.265648854962,2.71228750829
494,36047029000,Kings,1244.0,2550.0,1306.0,0.134515119917,1.0498392283
495,36047029100,Kings,1117.0,4170.0,3053.0,0.0890151515152,2.73321396598
496,36047029200,Kings,1167.0,2340.0,1173.0,0.181556195965,1.00514138817
499,36047029700,Kings,1460.0,4314.13043478,2854.13043478,0.279069767442,1.95488385944
501,36047029900,Kings,1108.0,4860.0,3752.0,0.426890756303,3.38628158845
503,36047030200,Kings,1212.0,3270.0,2058.0,0.186086956522,1.69801980198
505,36047030500,Kings,1545.0,3967.96875,2422.96875,0.273159144893,1.56826456311
508,36047031300,Kings,958.0,3384.54545455,2426.54545455,0.31780167264,2.53292844943
509,36047031500,Kings,1139.0,4372.66666667,3233.66666667,0.216056670602,2.83904009365
510,36047031702,Kings,1379.0,4896.52173913,3517.52173913,0.226388888889,2.55077718574
511,36047031900,Kings,1113.0,4174.28571429,3061.28571429,0.174300254453,2.75048132461
512,36047032100,Kings,1264.0,4948.33333333,3684.33333333,0.218210361068,2.9148206751
513,36047032300,Kings,1266.0,4212.85714286,2946.85714286,0.134570765661,2.32769126608
514,36047032500,Kings,1232.0,3302.0,2070.0,0.176430976431,1.68019480519
515,36047032700,Kings,1095.0,3381.08108108,2286.08108108,0.161958568738,2.08774527953
516,36047032900,Kings,1180.0,4820.0,3640.0,0.126099706745,3.08474576271
518,36047033100,Kings,1225.0,2600.0,1375.0,0.155227032735,1.12244897959
519,36047033300,Kings,1222.0,4200.0,2978.0,0.146389713155,2.43698854337
520,36047033500,Kings,1322.0,3375.0,2053.0,0.151851851852,1.55295007564
521,36047033700,Kings,1198.0,5091.17647059,3893.17647059,0.16803760282,3.24972994206
523,36047034100,Kings,1263.0,4012.5,2749.5,0.158461538462,2.17695961995
525,36047034500,Kings,1179.0,4190.0,3011.0,0.339285714286,2.55385920271
526,36047034800,Kings,1427.0,5400.0,3973.0,0.273267326733,2.78416257884
527,36047034900,Kings,1144.0,5680.90909091,4536.90909091,0.293924466338,3.96582962492
528,36047035000,Kings,1017.0,2955.0,1938.0,0.222914072229,1.90560471976
529,36047035100,Kings,1047.0,8280.0,7233.0,0.372115384615,6.90830945559
530,36047035400,Kings,779.0,3600.0,2821.0,0.0243309002433,3.62130937099
531,36047035500,Kings,1150.0,2592.0,1442.0,0.184514003295,1.25391304348
533,36047035602,Kings,1139.0,5550.0,4411.0,0.102154828412,3.8726953468
534,36047035900,Kings,1113.0,3024.0,1911.0,0.431627196333,1.71698113208
535,36047036001,Kings,966.0,2010.0,1044.0,0.229219143577,1.08074534161
536,36047036200,Kings,1083.0,4125.0,3042.0,0.361333333333,2.80886426593
537,36047036300,Kings,1107.0,2230.0,1123.0,0.216432865731,1.01445347787
539,36047036501,Kings,938.0,2400.0,1462.0,0.208667736758,1.55863539446
540,36047036502,Kings,986.0,2260.0,1274.0,0.214912280702,1.29208924949
541,36047036600,Kings,1156.0,4500.0,3344.0,0.221105527638,2.89273356401
542,36047036900,Kings,1088.0,4969.41176471,3881.41176471,0.356649395509,3.56747404845
544,36047037100,Kings,1206.0,5282.30769231,4076.30769231,0.243470935131,3.38002296211
545,36047037300,Kings,1120.0,3564.54545455,2444.54545455,0.361052631579,2.18262987013
546,36047037401,Kings,1237.0,2700.0,1463.0,0.0470914127424,1.18270008084
548,36047037500,Kings,1304.0,4715.45454545,3411.45454545,0.200577200577,2.61614612381
549,36047037700,Kings,1402.0,3727.0,2325.0,0.234704112337,1.65834522111
550,36047037900,Kings,1145.0,3915.0,2770.0,0.280320366133,2.4192139738
551,36047038100,Kings,671.0,4502.0,3831.0,0.271042471042,5.70938897168
552,36047038300,Kings,1321.0,4173.24324324,2852.24324324,0.104210526316,2.1591546126
553,36047038500,Kings,1033.0,4935.65217391,3902.65217391,0.274294670846,3.77797887116
555,36047038700,Kings,1052.0,4255.71428571,3203.71428571,0.235361653272,3.0453557849
556,36047038800,Kings,1321.0,9000.0,7679.0,0.164742917104,5.81302043906
558,36047039100,Kings,1158.0,4241.05263158,3083.05263158,0.410339256866,2.66239432779
559,36047039200,Kings,1240.0,3720.0,2480.0,0.156338028169,2.0
561,36047039800,Kings,1226.0,3135.0,1909.0,0.146050670641,1.55709624796
562,36047039900,Kings,1141.0,3486.92307692,2345.92307692,0.291727140784,2.05602373087
563,36047040000,Kings,1262.0,2750.0,1488.0,0.2,1.17908082409
564,36047040100,Kings,1188.0,7160.625,5972.625,0.144975288303,5.02746212121
566,36047040300,Kings,1344.0,3762.0,2418.0,0.444876783398,1.79910714286
568,36047040500,Kings,1317.0,5113.33333333,3796.33333333,0.245454545455,2.88256137686
572,36047040900,Kings,1290.0,3645.0,2355.0,0.347575057737,1.82558139535
574,36047041100,Kings,1162.0,5364.0,4202.0,0.347074468085,3.61617900172
576,36047041300,Kings,1278.0,5365.0,4087.0,0.139954853273,3.19796557121
579,36047041500,Kings,1416.0,3100.0,1684.0,0.202689721422,1.18926553672
580,36047041600,Kings,1316.0,1800.0,484.0,0.266009852217,0.367781155015
581,36047041700,Kings,867.0,3195.0,2328.0,0.255076142132,2.68512110727
582,36047041900,Kings,1093.0,4470.0,3377.0,0.310307017544,3.08966148216
585,36047042300,Kings,1375.0,4194.0,2819.0,0.253557567917,2.05018181818
587,36047042500,Kings,1363.0,4029.6,2666.6,0.251798561151,1.95641966251
589,36047042700,Kings,1342.0,3880.90909091,2538.90909091,0.446043165468,1.89188456849
591,36047042900,Kings,1280.0,4143.6,2863.6,0.234241908007,2.2371875
593,36047043200,Kings,1201.0,1845.0,644.0,0.166932907348,0.536219816819
594,36047043300,Kings,1119.0,3585.0,2466.0,0.284384694933,2.20375335121
595,36047043400,Kings,1157.0,3870.0,2713.0,0.205700123916,2.3448573898
597,36047043700,Kings,1400.0,4821.81818182,3421.81818182,0.289022298456,2.44415584416
598,36047043800,Kings,1337.0,4848.0,3511.0,0.187898089172,2.62602842184
599,36047044100,Kings,1269.0,3256.15384615,1987.15384615,0.253076923077,1.56592107656
600,36047044200,Kings,1349.0,3750.0,2401.0,0.0886262924668,1.77983691623
601,36047044400,Kings,1198.0,2490.0,1292.0,0.176701570681,1.07846410684
602,36047044500,Kings,1290.0,4265.55555556,2975.55555556,0.273846153846,2.30663221361
604,36047044700,Kings,1410.0,4067.0,2657.0,0.197860962567,1.88439716312
608,36047045300,Kings,1633.0,4462.94117647,2829.94117647,0.255972696246,1.73297071431
609,36047045800,Kings,1083.0,1860.0,777.0,0.0349127182045,0.717451523546
610,36047046000,Kings,1231.0,4490.0,3259.0,0.260290556901,2.64744110479
611,36047046201,Kings,1056.0,2970.0,1914.0,0.165120593692,1.8125
614,36047046800,Kings,1756.0,2430.0,674.0,0.305687203791,0.383826879271
617,36047047700,Kings,2240.0,5710.81967213,3470.81967213,0.0884615384615,1.54947306792
619,36047048100,Kings,1558.0,4592.79069767,3034.79069767,0.049115913556,1.94787592918
620,36047048200,Kings,1202.0,21520.0,20318.0,0.253731343284,16.9034941764
621,36047048400,Kings,1427.0,3202.5,1775.5,0.24348534202,1.2442186405
622,36047048500,Kings,1967.0,5855.625,3888.625,0.0870712401055,1.97693187595
623,36047048600,Kings,1288.0,2430.0,1142.0,0.251453488372,0.886645962733
624,36047048800,Kings,1209.0,2775.0,1566.0,0.231732776618,1.2952853598
625,36047049000,Kings,1353.0,3453.75,2100.75,0.263554216867,1.55266075388
626,36047049100,Kings,861.0,4978.125,4117.125,0.122773536896,4.78179442509
627,36047049200,Kings,1100.0,4453.33333333,3353.33333333,0.243016759777,3.04848484848
628,36047049400,Kings,1284.0,5805.0,4521.0,0.132867132867,3.52102803738
629,36047049500,Kings,1576.0,4891.39534884,3315.39534884,0.0777777777778,2.1036772518
630,36047049600,Kings,1465.0,3637.5,2172.5,0.0859835100118,1.48293515358
631,36047049700,Kings,1808.0,6127.17391304,4319.17391304,0.0570652173913,2.38892362447
632,36047049800,Kings,1405.0,4500.0,3095.0,0.138565891473,2.20284697509
633,36047049900,Kings,1502.0,6222.69230769,4720.69230769,0.0293333333333,3.14293762163
634,36047050000,Kings,1519.0,4112.72727273,2593.72727273,0.0551181102362,1.70752289186
635,36047050300,Kings,1784.0,5563.22033898,3779.22033898,0.0733944954128,2.118397051
636,36047050400,Kings,1364.0,3764.11764706,2400.11764706,0.093572009764,1.7596170433
637,36047050600,Kings,1371.0,5628.46153846,4257.46153846,0.152960526316,3.10536946642
638,36047050801,Kings,1205.0,4044.0,2839.0,0.276315789474,2.35601659751
639,36047050803,Kings,1215.0,3864.54545455,2649.54545455,0.0675381263617,2.18069584737
640,36047050804,Kings,1163.0,3069.375,1906.375,0.181818181818,1.63918744626
641,36047051001,Kings,1230.0,2760.0,1530.0,0.0493583415597,1.24390243902
642,36047051002,Kings,1193.0,3006.42857143,1813.42857143,0.123088685015,1.52005747815
643,36047051100,Kings,982.0,4712.10526316,3730.10526316,0.29435483871,3.79847786473
644,36047051200,Kings,1200.0,2916.42857143,1716.42857143,0.185319767442,1.43035714286
645,36047051300,Kings,1733.0,5737.09677419,4004.09677419,0.134545454545,2.31050015822
646,36047051400,Kings,1335.0,3247.89473684,1912.89473684,0.141620284477,1.43287995269
647,36047051500,Kings,2042.0,5649.57446809,3607.57446809,0.06,1.76668681101
648,36047051601,Kings,1198.0,4084.28571429,2886.28571429,0.15559293524,2.40925351777
649,36047051700,Kings,2214.0,5952.61682243,3738.61682243,0.0184615384615,1.68862548439
650,36047051800,Kings,1321.0,6145.71428571,4824.71428571,0.141447368421,3.65231967124
651,36047051900,Kings,2095.0,7508.12903226,5413.12903226,0.0230179028133,2.58383247363
652,36047052300,Kings,1179.0,6759.07894737,5580.07894737,0.147906976744,4.73289138878
653,36047052600,Kings,1473.0,3842.72727273,2369.72727273,0.135435992579,1.60877615257
654,36047052800,Kings,1340.0,6948.0,5608.0,0.0478260869565,4.18507462687
655,36047053000,Kings,1287.0,2490.0,1203.0,0.154696132597,0.934731934732
656,36047053100,Kings,1672.0,4462.5,2790.5,0.450171821306,1.66895933014
657,36047053200,Kings,1239.0,2250.0,1011.0,0.107272727273,0.81598062954
658,36047053300,Kings,1165.0,5400.0,4235.0,0.578363384189,3.63519313305
659,36047053400,Kings,1241.0,3080.0,1839.0,0.281588447653,1.48186946011
661,36047053800,Kings,1268.0,4314.0,3046.0,0.218234723569,2.40220820189
662,36047054300,Kings,2331.0,3383.07692308,1052.07692308,0.125,0.451341451343
663,36047054400,Kings,1237.0,4470.0,3233.0,0.210526315789,2.61358124495
664,36047054600,Kings,1240.0,3050.0,1810.0,0.172074729597,1.45967741935
665,36047054700,Kings,1464.0,7651.93548387,6187.93548387,0.414857142857,4.22673188789
666,36047054800,Kings,1240.0,2550.0,1310.0,0.0898876404494,1.0564516129
667,36047054900,Kings,2269.0,6187.12871287,3918.12871287,0.262996941896,1.72680859977
668,36047055100,Kings,1205.0,6000.59405941,4795.59405941,0.120183486239,3.97974610739
669,36047055200,Kings,1174.0,2595.0,1421.0,0.163406214039,1.21039182283
670,36047055400,Kings,1301.0,4005.0,2704.0,0.190243902439,2.07840122982
671,36047055500,Kings,2387.0,9654.83870968,7267.83870968,0.0534069981584,3.04475857129
672,36047055600,Kings,1334.0,2970.0,1636.0,0.0986984815618,1.2263868066
673,36047055700,Kings,1862.0,8781.85714286,6919.85714286,0.0288888888889,3.71635721958
676,36047056100,Kings,1658.0,5145.0,3487.0,0.0182481751825,2.10313630881
677,36047056200,Kings,2200.0,4170.0,1970.0,0.113378684807,0.895454545455
679,36047056500,Kings,1630.0,5356.19047619,3726.19047619,0.0642504118616,2.28600642711
682,36047056900,Kings,1714.0,5187.14285714,3473.14285714,0.0747663551402,2.02633772295
683,36047057000,Kings,1186.0,4500.0,3314.0,0.0307881773399,2.79426644182
684,36047057100,Kings,1722.0,4696.875,2974.875,0.11572327044,1.72756968641
687,36047057500,Kings,1796.0,4321.36363636,2525.36363636,0.192052980132,1.40610447459
688,36047057600,Kings,1313.0,4290.0,2977.0,0.098535286285,2.26732673267
689,36047057800,Kings,1216.0,2790.0,1574.0,0.238095238095,1.29440789474
690,36047057900,Kings,1453.0,5846.80851064,4393.80851064,0.15,3.02395630464
691,36047058000,Kings,1215.0,2970.0,1755.0,0.123163841808,1.44444444444
693,36047058400,Kings,1330.0,2220.0,890.0,0.0635641316686,0.669172932331
695,36047058800,Kings,1167.0,4410.0,3243.0,0.127582017011,2.77892030848
696,36047058900,Kings,1727.0,4329.13043478,2602.13043478,0.0547945205479,1.50673447295
697,36047059000,Kings,1234.0,3000.0,1766.0,0.165644171779,1.43111831442
698,36047059100,Kings,1727.0,3738.85714286,2011.85714286,0.0783783783784,1.16494333692
699,36047059200,Kings,1138.0,2980.0,1842.0,0.0587275693312,1.61862917399
700,36047059300,Kings,1477.0,4033.125,2556.125,0.0858468677494,1.73061949898
704,36047059800,Kings,1273.0,3000.0,1727.0,0.212157330155,1.35663786332
705,36047060000,Kings,1299.0,2750.0,1451.0,0.103626943005,1.11701308699
706,36047060600,Kings,1217.0,3270.0,2053.0,0.214057507987,1.68693508628
708,36047061002,Kings,1161.0,2535.0,1374.0,0.0367207514944,1.1834625323
710,36047061200,Kings,1269.0,4500.0,3231.0,0.0641025641026,2.54609929078
711,36047061600,Kings,1568.0,3135.0,1567.0,0.048128342246,0.999362244898
712,36047062000,Kings,1655.0,6300.0,4645.0,0.0570264765784,2.80664652568
713,36047062200,Kings,1629.0,6600.0,4971.0,0.0704787234043,3.05156537753
714,36047062600,Kings,1063.0,2400.0,1337.0,0.162659123055,1.25776105362
715,36047062800,Kings,1315.0,24250.0,22935.0,0.0535211267606,17.4410646388
724,36047065000,Kings,1272.0,1875.0,603.0,0.143631436314,0.474056603774
729,36047067000,Kings,1447.0,1980.0,533.0,0.0842696629213,0.368348306842
732,36047067600,Kings,1557.0,3300.0,1743.0,0.0120481927711,1.11946050096
734,36047068200,Kings,1338.0,2685.0,1347.0,0.013986013986,1.0067264574
739,36047069602,Kings,1339.0,5025.0,3686.0,0.0919335705813,2.75280059746
742,36047070201,Kings,1527.0,15000.0,13473.0,0.0461538461538,8.8231827112
749,36047072800,Kings,1141.0,5400.0,4259.0,0.0474683544304,3.73269062226
751,36047073200,Kings,1141.0,5250.0,4109.0,0.0578871201158,3.60122699387
754,36047074000,Kings,1121.0,4350.0,3229.0,0.120805369128,2.88046387154
755,36047074200,Kings,1225.0,2100.0,875.0,0.114882506527,0.714285714286
756,36047074600,Kings,1168.0,9000.0,7832.0,0.112449799197,6.70547945205
758,36047075000,Kings,1175.0,2340.0,1165.0,0.178125,0.991489361702
763,36047076200,Kings,1209.0,3735.0,2526.0,0.194017094017,2.08933002481
764,36047076400,Kings,1228.0,3300.0,2072.0,0.105200945626,1.68729641694
765,36047076600,Kings,1345.0,4350.0,3005.0,0.111504424779,2.23420074349
766,36047076800,Kings,1278.0,3870.0,2592.0,0.180574555404,2.02816901408
767,36047077000,Kings,1331.0,3990.0,2659.0,0.168079096045,1.9977460556
768,36047077200,Kings,1179.0,1950.0,771.0,0.100135317997,0.653944020356
769,36047077400,Kings,1236.0,2070.0,834.0,0.1401179941,0.674757281553
771,36047078000,Kings,1028.0,3750.0,2722.0,0.0654362416107,2.64785992218
772,36047078200,Kings,1086.0,3430.0,2344.0,0.141874462597,2.15837937385
773,36047078400,Kings,1323.0,4140.0,2817.0,0.045584045584,2.12925170068
774,36047078600,Kings,1175.0,4387.5,3212.5,0.157808667212,2.73404255319
775,36047079200,Kings,1165.0,4242.0,3077.0,0.233944954128,2.64120171674
776,36047079400,Kings,1303.0,3247.5,1944.5,0.201405152225,1.49232540292
777,36047079601,Kings,1205.0,3757.77777778,2552.77777778,0.129201680672,2.11848778239
778,36047079602,Kings,1154.0,2652.85714286,1498.85714286,0.234945705824,1.29883634563
779,36047079801,Kings,1201.0,3512.64705882,2311.64705882,0.0468319559229,1.9247685752
780,36047079802,Kings,1191.0,3188.125,1997.125,0.137982195846,1.67684718724
781,36047080000,Kings,1250.0,4970.0,3720.0,0.15415821501,2.976
782,36047080200,Kings,1182.0,3357.27272727,2175.27272727,0.14667896679,1.84033225657
783,36047080400,Kings,1237.0,3462.63157895,2225.63157895,0.264822134387,1.79921712122
784,36047080600,Kings,1302.0,4718.57142857,3416.57142857,0.220207253886,2.62409479921
785,36047080800,Kings,235.0,4410.0,4175.0,0.338983050847,17.7659574468
786,36047081000,Kings,1234.0,6145.0,4911.0,0.220374220374,3.97974068071
787,36047081400,Kings,1235.0,3700.0,2465.0,0.180379746835,1.995951417
788,36047081600,Kings,1186.0,3360.0,2174.0,0.192957746479,1.83305227656
789,36047081800,Kings,1139.0,3783.33333333,2644.33333333,0.244739756368,2.32162715832
790,36047082000,Kings,1178.0,2736.66666667,1558.66666667,0.178694158076,1.32314657612
791,36047082200,Kings,1171.0,3304.0,2133.0,0.180862831858,1.82152006832
792,36047082600,Kings,1116.0,3780.0,2664.0,0.154170176917,2.38709677419
793,36047082800,Kings,1147.0,3420.0,2273.0,0.149940968123,1.98169136879
794,36047083000,Kings,1150.0,3900.0,2750.0,0.119253830779,2.39130434783
795,36047083200,Kings,1273.0,4650.0,3377.0,0.0189655172414,2.65278868814
796,36047083400,Kings,1144.0,3600.0,2456.0,0.0788804071247,2.14685314685
797,36047083600,Kings,1262.0,4500.0,3238.0,0.0818181818182,2.56576862124
798,36047083800,Kings,1254.0,3300.0,2046.0,0.0116861435726,1.63157894737
800,36047084600,Kings,1207.0,3180.0,1973.0,0.167058823529,1.63463131732
804,36047085400,Kings,1110.0,2610.0,1500.0,0.0734693877551,1.35135135135
805,36047085600,Kings,1165.0,2835.0,1670.0,0.099537037037,1.43347639485
806,36047085800,Kings,1247.0,3600.0,2353.0,0.10752688172,1.88692862871
807,36047086000,Kings,1184.0,3075.0,1891.0,0.181718061674,1.59712837838
809,36047086600,Kings,1189.0,4200.0,3011.0,0.0849056603774,2.53238015139
810,36047086800,Kings,1218.0,2145.0,927.0,0.200258397933,0.761083743842
811,36047087000,Kings,1226.0,5700.0,4474.0,0.181333333333,3.64926590538
812,36047087200,Kings,1233.0,3590.0,2357.0,0.107648725212,1.91159772912
813,36047087401,Kings,1039.0,9000.0,7961.0,0.285035629454,7.66217516843
815,36047088000,Kings,1052.0,2640.0,1588.0,0.182509505703,1.50950570342
816,36047088200,Kings,1217.0,3450.0,2233.0,0.144498186215,1.83483976993
818,36047088600,Kings,1144.0,3620.0,2476.0,0.207816968541,2.16433566434
819,36047088800,Kings,1202.0,3570.0,2368.0,0.147448015123,1.97004991681
821,36047089200,Kings,1096.0,9300.0,8204.0,0.245243128964,7.48540145985
823,36047089800,Kings,1225.0,2550.0,1325.0,0.255033557047,1.08163265306
829,36047092400,Kings,1041.0,2250.0,1209.0,0.195595854922,1.1613832853
830,36047092800,Kings,1205.0,2640.0,1435.0,0.0954545454545,1.19087136929
832,36047093200,Kings,1061.0,5115.0,4054.0,0.0335195530726,3.82092365693
835,36047093800,Kings,1160.0,4860.0,3700.0,0.228070175439,3.18965517241
839,36047095400,Kings,1427.0,4470.0,3043.0,0.121212121212,2.13244569026
840,36047095600,Kings,1602.0,2400.0,798.0,0.124401913876,0.498127340824
841,36047095800,Kings,1362.0,2850.0,1488.0,0.100917431193,1.09251101322
843,36047096200,Kings,1463.0,5370.0,3907.0,0.117073170732,2.67053998633
844,36047096400,Kings,1376.0,5250.0,3874.0,0.21706864564,2.81540697674
845,36047096800,Kings,1448.0,2835.0,1387.0,0.169642857143,0.957872928177
846,36047097000,Kings,1480.0,18000.0,16520.0,0.126353790614,11.1621621622
847,36047097400,Kings,1354.0,4500.0,3146.0,0.0995260663507,2.3234859675
849,36047098400,Kings,1556.0,3750.0,2194.0,0.180434782609,1.41002570694
851,36047098800,Kings,1248.0,3450.0,2202.0,0.0827489481066,1.76442307692
853,36047099200,Kings,1512.0,3757.5,2245.5,0.19776119403,1.48511904762
855,36047099600,Kings,1408.0,3100.0,1692.0,0.0855263157895,1.20170454545
856,36047099800,Kings,1589.0,3300.0,1711.0,0.0557851239669,1.0767778477
858,36047100600,Kings,1542.0,4500.0,2958.0,0.0840480274443,1.91828793774
859,36047100800,Kings,1269.0,7500.0,6231.0,0.236162361624,4.91016548463
860,36047101000,Kings,1516.0,5400.0,3884.0,0.111801242236,2.56200527704
861,36047101200,Kings,1281.0,3570.0,2289.0,0.0526315789474,1.7868852459
862,36047101400,Kings,1281.0,3000.0,1719.0,0.109656301146,1.34192037471
864,36047101800,Kings,1359.0,2610.0,1251.0,0.0811455847255,0.920529801325
866,36047102200,Kings,1265.0,2550.0,1285.0,0.127927927928,1.01581027668
867,36047102400,Kings,1364.0,9000.0,7636.0,0.0285714285714,5.59824046921
868,36047102600,Kings,1400.0,5250.0,3850.0,0.0357675111773,2.75
869,36047102800,Kings,1408.0,4500.0,3092.0,0.0854922279793,2.19602272727
871,36047107000,Kings,1139.0,2640.0,1501.0,0.0287356321839,1.31782265145
872,36047107800,Kings,1139.0,2640.0,1501.0,0.065196548418,1.31782265145
877,36047111600,Kings,1542.0,4050.0,2508.0,0.32137733142,1.62645914397
878,36047111800,Kings,1325.0,2790.0,1465.0,0.314009661836,1.10566037736
879,36047112000,Kings,1225.0,4500.0,3275.0,0.418633540373,2.67346938776
881,36047112400,Kings,1189.0,3000.0,1811.0,0.329113924051,1.52312867956
882,36047112600,Kings,1140.0,2445.0,1305.0,0.265348595213,1.14473684211
884,36047113000,Kings,1120.0,2994.0,1874.0,0.354030501089,1.67321428571
886,36047114201,Kings,1199.0,4280.0,3081.0,0.152019002375,2.56964136781
887,36047114202,Kings,1132.0,2130.0,998.0,0.105436573311,0.881625441696
888,36047114400,Kings,1124.0,3705.0,2581.0,0.34668989547,2.2962633452
889,36047115200,Kings,1164.0,3876.0,2712.0,0.36327077748,2.32989690722
890,36047115600,Kings,551.0,3750.0,3199.0,0.474418604651,5.8058076225
891,36047115800,Kings,1245.0,3528.0,2283.0,0.194602272727,1.83373493976
892,36047116200,Kings,1189.0,5850.0,4661.0,0.231759656652,3.92010092515
894,36047116600,Kings,1289.0,2565.0,1276.0,0.250361794501,0.989914662529
895,36047116800,Kings,1089.0,8610.0,7521.0,0.347953216374,6.90633608815
896,36047117000,Kings,1210.0,2250.0,1040.0,0.220159151194,0.859504132231
897,36047117201,Kings,1339.0,2010.0,671.0,0.252365930599,0.501120238984
898,36047117202,Kings,1293.0,10500.0,9207.0,0.0767326732673,7.12064965197
900,36047117601,Kings,1332.0,2610.0,1278.0,0.24255952381,0.959459459459
905,36047118400,Kings,1362.0,2400.0,1038.0,0.223518850987,0.762114537445
909,36047119200,Kings,1307.0,2475.0,1168.0,0.328445747801,0.893649579189
910,36047119600,Kings,1114.0,5070.0,3956.0,0.253731343284,3.55116696589
911,36047119800,Kings,1277.0,2625.0,1348.0,0.387096774194,1.0555990603
915,36047122000,Kings,1184.0,8500.0,7316.0,0.162303664921,6.17905405405
916,36047150200,Kings,1737.0,4110.0,2373.0,0.0235457063712,1.36614853195
917,36047152200,Kings,1614.0,7705.0,6091.0,0.145363408521,3.77385377943
920,36061000202,Manhattan,628.0,8275.0,7647.0,0.198748043818,12.1767515924
922,36061000600,Manhattan,645.0,7264.18604651,6619.18604651,0.350764852366,10.2623039481
923,36061000700,Manhattan,2857.0,7219.5,4362.5,0.0,1.52695134757
924,36061000800,Manhattan,929.0,5524.54545455,4595.54545455,0.296476306197,4.94676582836
926,36061001002,Manhattan,396.0,4350.0,3954.0,0.352666666667,9.98484848485
927,36061001200,Manhattan,908.0,5131.76470588,4223.76470588,0.168564920273,4.65172324436
928,36061001300,Manhattan,2817.0,7757.0,4940.0,0.016,1.75363862265
929,36061001502,Manhattan,3075.0,8000.0,4925.0,0.0,1.60162601626
930,36061001800,Manhattan,1191.0,6217.05882353,5026.05882353,0.303149606299,4.22003259742
931,36061002000,Manhattan,415.0,5050.0,4635.0,0.453796889296,11.1686746988
932,36061002202,Manhattan,2195.0,5930.90909091,3735.90909091,0.14156626506,1.70200869745
933,36061002500,Manhattan,386.0,5135.0,4749.0,0.397464578673,12.3031088083
934,36061002601,Manhattan,955.0,5867.27272727,4912.27272727,0.1821386604,5.14374107568
935,36061002700,Manhattan,1028.0,5195.0,4167.0,0.0651558073654,4.05350194553
936,36061003001,Manhattan,1964.0,6045.0,4081.0,0.297872340426,2.07790224033
937,36061003002,Manhattan,1235.0,7085.78947368,5850.78947368,0.139211136891,4.73748135521
938,36061003100,Manhattan,2719.0,7216.5,4497.5,0.0819112627986,1.65410077234
939,36061003200,Manhattan,1607.0,6109.04494382,4502.04494382,0.0177777777778,2.80152143362
940,36061003400,Manhattan,1864.0,6231.92982456,4367.92982456,0.244233378562,2.34330999172
941,36061003601,Manhattan,938.0,6993.19148936,6055.19148936,0.340030911901,6.45542802704
942,36061003602,Manhattan,1445.0,6987.27272727,5542.27272727,0.120567375887,3.83548285624
943,36061003800,Manhattan,1748.0,6498.98305085,4750.98305085,0.033918128655,2.71795369042
944,36061003900,Manhattan,1690.0,11614.2857143,9924.28571429,0.0304975922953,5.87235841082
945,36061004000,Manhattan,2054.0,6461.84210526,4407.84210526,0.0975609756098,2.14597960334
946,36061004100,Manhattan,1323.0,7038.5046729,5715.5046729,0.209401709402,4.32010935215
947,36061004300,Manhattan,1809.0,8507.40458015,6698.40458015,0.189075630252,3.70282176902
948,36061004400,Manhattan,1834.0,12169.2857143,10335.2857143,0.0359216255443,5.63537934258
949,36061004800,Manhattan,1911.0,5881.01694915,3970.01694915,0.0,2.07745523242
950,36061004900,Manhattan,2105.0,8734.40366972,6629.40366972,0.0444444444444,3.14936041317
951,36061005000,Manhattan,2483.0,8592.24489796,6109.24489796,0.0531468531469,2.46042887554
952,36061005200,Manhattan,2620.0,10009.5,7389.5,0.0601851851852,2.82041984733
953,36061005400,Manhattan,2573.0,10495.2272727,7922.22727273,0.0185676392573,3.07898455994
954,36061005501,Manhattan,2045.0,7390.0,5345.0,0.0286343612335,2.61369193154
955,36061005502,Manhattan,2355.0,10486.5,8131.5,0.0,3.45286624204
956,36061005600,Manhattan,2503.0,10724.4444444,8221.44444444,0.0316027088036,3.28463621432
957,36061005700,Manhattan,3345.0,14186.25,10841.25,0.0119453924915,3.24103139013
958,36061005800,Manhattan,2947.0,7764.70588235,4817.70588235,0.025390625,1.6347831294
959,36061005900,Manhattan,1868.0,17225.2173913,15357.2173913,0.0,8.22120845359
960,36061006000,Manhattan,2337.0,5590.0,3253.0,0.0232804232804,1.3919554985
961,36061006100,Manhattan,2718.0,12033.75,9315.75,0.0444104134763,3.42742825607
962,36061006300,Manhattan,2207.0,8474.38356164,6267.38356164,0.0,2.83977506191
963,36061006500,Manhattan,2100.0,6915.0,4815.0,0.0593667546174,2.29285714286
964,36061006600,Manhattan,1164.0,6961.57894737,5797.57894737,0.100403632694,4.98073792729
965,36061006700,Manhattan,2248.0,7818.05309735,5570.05309735,0.0,2.47778162694
966,36061006800,Manhattan,2094.0,7297.34042553,5203.34042553,0.0,2.48488081448
967,36061006900,Manhattan,3471.0,8520.0,5049.0,0.036866359447,1.45462402766
968,36061007000,Manhattan,2322.0,8429.5,6107.5,0.0349829351536,2.63027562446
969,36061007100,Manhattan,2240.0,7113.26086957,4873.26086957,0.012077294686,2.1755628882
970,36061007200,Manhattan,2480.0,8195.3125,5715.3125,0.102682701203,2.30456149194
971,36061007400,Manhattan,2645.0,7310.71428571,4665.71428571,0.0355555555556,1.76397515528
972,36061007500,Manhattan,1927.0,9256.02739726,7329.02739726,0.0,3.80333544227
973,36061007600,Manhattan,2697.0,6685.57377049,3988.57377049,0.0295358649789,1.4788927588
974,36061007700,Manhattan,2248.0,7710.81081081,5462.81081081,0.0104947526237,2.43007598346
975,36061007800,Manhattan,2323.0,6286.08695652,3963.08695652,0.0370705244123,1.7060210747
976,36061008000,Manhattan,2207.0,8678.18181818,6471.18181818,0.0358851674641,2.93211681839
977,36061008100,Manhattan,1576.0,6358.85350318,4782.85350318,0.0136660724896,3.03480552232
978,36061008200,Manhattan,2684.0,6316.8,3632.8,0.0,1.35350223547
979,36061008300,Manhattan,967.0,7394.11764706,6427.11764706,0.225312934631,6.64645051402
980,36061008601,Manhattan,3293.0,8496.66666667,5203.66666667,0.0,1.58022067011
982,36061008603,Manhattan,2599.0,5446.66666667,2847.66666667,0.0431293881645,1.09567782481
983,36061008700,Manhattan,2243.0,8058.36206897,5815.36206897,0.0245346869712,2.59267145295
984,36061008800,Manhattan,1995.0,6793.75,4798.75,0.0618238021638,2.40538847118
985,36061009000,Manhattan,2381.0,8326.89655172,5945.89655172,0.0711077844311,2.49722660719
986,36061009100,Manhattan,1990.0,8269.28571429,6279.28571429,0.0608439646712,3.15541995693
987,36061009200,Manhattan,2685.0,9149.26829268,6464.26829268,0.0331753554502,2.40754871236
988,36061009400,Manhattan,2107.0,10050.0,7943.0,0.0,3.76981490271
989,36061009500,Manhattan,2280.0,8882.44897959,6602.44897959,0.0533333333333,2.89581095596
990,36061009600,Manhattan,1967.0,16950.0,14983.0,0.0,7.61718352822
991,36061009800,Manhattan,2076.0,7576.4516129,5500.4516129,0.0,2.64954316614
992,36061009900,Manhattan,2901.0,10558.8888889,7657.88888889,0.0165912518854,2.63974108545
993,36061010000,Manhattan,2391.0,7662.0,5271.0,0.0,2.20451693852
994,36061010100,Manhattan,3362.0,9915.78947368,6553.78947368,0.0378378378378,1.94937224083
995,36061010300,Manhattan,2455.0,6312.72727273,3857.72727273,0.027149321267,1.57137567117
996,36061010400,Manhattan,2276.0,12130.0,9854.0,0.0327868852459,4.3295254833
997,36061010601,Manhattan,2368.0,6542.0,4174.0,0.0378787878788,1.76266891892
998,36061010602,Manhattan,2393.0,5881.76470588,3488.76470588,0.0,1.45790418131
999,36061010800,Manhattan,2196.0,6191.4893617,3995.4893617,0.010663507109,1.81943960005
1000,36061010900,Manhattan,3050.0,9083.33333333,6033.33333333,0.1875,1.9781420765
1001,36061011000,Manhattan,1977.0,8909.01639344,6932.01639344,0.0326167531505,3.50633100326
1002,36061011100,Manhattan,2390.0,7449.47368421,5059.47368421,0.12427184466,2.1169345959
1003,36061011201,Manhattan,2435.0,8715.0,6280.0,0.0692307692308,2.57905544148
1004,36061011202,Manhattan,2760.0,6840.0,4080.0,0.0533333333333,1.47826086957
1005,36061011203,Manhattan,3041.0,12135.0,9094.0,0.0680628272251,2.99046366327
1006,36061011401,Manhattan,2213.0,6630.0,4417.0,0.0,1.99593312246
1007,36061011402,Manhattan,2045.0,7495.0,5450.0,0.0184804928131,2.66503667482
1008,36061011500,Manhattan,2280.0,8110.94594595,5830.94594595,0.066985645933,2.55743243243
1009,36061011600,Manhattan,1465.0,5221.2,3756.2,0.0,2.56395904437
1010,36061011700,Manhattan,2880.0,6886.0,4006.0,0.120689655172,1.39097222222
1011,36061011800,Manhattan,2276.0,6226.8,3950.8,0.0,1.73585237258
1012,36061012000,Manhattan,2374.0,11664.0,9290.0,0.0266990291262,3.91322662174
1013,36061012100,Manhattan,1457.0,8579.3129771,7122.3129771,0.015368852459,4.88834109616
1014,36061012200,Manhattan,2572.0,10450.5,7878.5,0.0,3.06318040435
1015,36061012400,Manhattan,2147.0,5101.81818182,2954.81818182,0.0455417066155,1.37625439302
1016,36061012500,Manhattan,3452.0,9260.71428571,5808.71428571,0.00819672131148,1.68270981625
1017,36061012600,Manhattan,1840.0,6037.0,4197.0,0.0,2.28097826087
1018,36061012700,Manhattan,1838.0,7323.96551724,5485.96551724,0.143698468787,2.98474728903
1019,36061012800,Manhattan,2075.0,7371.11111111,5296.11111111,0.0182926829268,2.55234270415
1020,36061013100,Manhattan,2582.0,8586.0,6004.0,0.251336898396,2.32532920217
1021,36061013200,Manhattan,1884.0,5472.35294118,3588.35294118,0.0122470713525,1.90464593481
1022,36061013400,Manhattan,1789.0,5787.08333333,3998.08333333,0.129346904156,2.23481460779
1023,36061013500,Manhattan,1299.0,6736.15384615,5437.15384615,0.147245762712,4.18564576301
1024,36061013700,Manhattan,2842.0,10595.3684211,7753.36842105,0.0420168067227,2.72813807919
1025,36061013800,Manhattan,2157.0,5628.0,3471.0,0.0,1.60917941586
1026,36061013900,Manhattan,2000.0,7183.88888889,5183.88888889,0.031523642732,2.59194444445
1027,36061014000,Manhattan,2193.0,7090.8,4897.8,0.0746500777605,2.23337893297
1029,36061014401,Manhattan,2202.0,5317.5,3115.5,0.0158970476911,1.41485013624
1030,36061014402,Manhattan,2110.0,5792.72727273,3682.72727273,0.0169988276671,1.7453683757
1031,36061014500,Manhattan,3334.0,13182.6315789,9848.63157895,0.0,2.95399867395
1032,36061014601,Manhattan,2115.0,6306.5625,4191.5625,0.0,1.98182624113
1033,36061014602,Manhattan,2169.0,5425.0,3256.0,0.0163154316791,1.50115260489
1034,36061014700,Manhattan,3164.0,4812.85714286,1648.85714286,0.00642673521851,0.521130576125
1035,36061014801,Manhattan,2262.0,5130.0,2868.0,0.0520446096654,1.26790450928
1036,36061014802,Manhattan,1975.0,5418.0,3443.0,0.0416666666667,1.74329113924
1037,36061014900,Manhattan,3027.0,6320.0,3293.0,0.0275671950379,1.08787578461
1038,36061015001,Manhattan,2273.0,6735.0,4462.0,0.0965092402464,1.96304443467
1039,36061015002,Manhattan,2260.0,5145.0,2885.0,0.0353021045485,1.27654867257
1040,36061015200,Manhattan,1094.0,4954.0,3860.0,0.123143564356,3.52833638026
1041,36061015300,Manhattan,2477.0,7651.0,5174.0,0.0163124073159,2.08881711748
1042,36061015601,Manhattan,2007.0,7233.46153846,5226.46153846,0.0819672131148,2.60411636196
1043,36061015602,Manhattan,979.0,8374.28571429,7395.28571429,0.154013015184,7.55391799212
1044,36061015700,Manhattan,2025.0,7128.46153846,5103.46153846,0.0160091480846,2.52022792023
1045,36061015802,Manhattan,2394.0,4960.0,2566.0,0.00857843137255,1.07184628237
1046,36061015900,Manhattan,1958.0,7414.92537313,5456.92537313,0.0432827431141,2.78698946534
1047,36061016001,Manhattan,2566.0,9086.66666667,6520.66666667,0.00700525394046,2.54117952715
1048,36061016002,Manhattan,1577.0,5390.0,3813.0,0.0542521994135,2.41788205453
1049,36061016100,Manhattan,2236.0,6391.5,4155.5,0.0,1.85845259392
1050,36061016200,Manhattan,641.0,4425.0,3784.0,0.392787524366,5.90327613105
1051,36061016300,Manhattan,1917.0,6456.13636364,4539.13636364,0.0525941719972,2.3678332622
1052,36061016600,Manhattan,1100.0,4870.90909091,3770.90909091,0.165975103734,3.42809917355
1053,36061016700,Manhattan,2114.0,7998.57142857,5884.57142857,0.0659045057162,2.78361940803
1054,36061016800,Manhattan,613.0,3878.57142857,3265.57142857,0.308724832215,5.3271964577
1055,36061016900,Manhattan,2071.0,7738.44155844,5667.44155844,0.0,2.736572457
1056,36061017000,Manhattan,1067.0,4644.7826087,3577.7826087,0.217067583047,3.35312334461
1057,36061017200,Manhattan,1002.0,4320.81081081,3318.81081081,0.198641765705,3.31218643793
1058,36061017300,Manhattan,1505.0,6578.0,5073.0,0.0114583333333,3.3707641196
1059,36061017500,Manhattan,1792.0,7774.28571429,5982.28571429,0.00940572894399,3.33832908164
1060,36061017700,Manhattan,979.0,6856.21621622,5877.21621622,0.204584775087,6.00328520554
1061,36061017800,Manhattan,1093.0,4967.41935484,3874.41935484,0.214574898785,3.54475695777
1062,36061018000,Manhattan,753.0,15406.1538462,14653.1538462,0.210680751174,19.4596996629
1063,36061018100,Manhattan,1072.0,9410.35714286,8338.35714286,0.0230658337338,7.77831823028
1064,36061018500,Manhattan,1733.0,7466.66666667,5733.66666667,0.009765625,3.3085208694
1065,36061018700,Manhattan,1721.0,5757.35294118,4036.35294118,0.0790830945559,2.3453532488
1066,36061018800,Manhattan,1044.0,4417.24137931,3373.24137931,0.285310734463,3.23107411811
1067,36061018900,Manhattan,799.0,6621.42857143,5822.42857143,0.358781496803,7.28714464509
1068,36061019100,Manhattan,1725.0,6736.15384615,5011.15384615,0.0367068694284,2.90501672241
1069,36061019200,Manhattan,421.0,3690.0,3269.0,0.506024096386,7.7648456057
1070,36061019300,Manhattan,1149.0,6632.5,5483.5,0.272838749234,4.77241079199
1071,36061019400,Manhattan,620.0,4831.76470588,4211.76470588,0.463859649123,6.79316888045
1072,36061019600,Manhattan,572.0,4492.5,3920.5,0.311334289813,6.85402097902
1073,36061019702,Manhattan,1211.0,5320.0,4109.0,0.186943620178,3.39306358382
1074,36061019800,Manhattan,1226.0,5595.51724138,4369.51724138,0.132264529058,3.5640434269
1075,36061019900,Manhattan,1705.0,4982.26415094,3277.26415094,0.0415360501567,1.92214906213
1076,36061020101,Manhattan,1879.0,3450.0,1571.0,0.030534351145,0.836083022885
1077,36061020300,Manhattan,1446.0,4823.33333333,3377.33333333,0.0851063829787,2.33563854311
1078,36061020500,Manhattan,1895.0,7312.5,5417.5,0.0,2.85883905013
1079,36061020600,Manhattan,986.0,4670.76923077,3684.76923077,0.197265625,3.73708846934
1080,36061020701,Manhattan,1713.0,3744.70588235,2031.70588235,0.105398457584,1.18605130318
1081,36061020901,Manhattan,734.0,4320.0,3586.0,0.306889352818,4.88555858311
1082,36061021000,Manhattan,831.0,3185.45454545,2354.45454545,0.329952267303,2.83327863472
1083,36061021200,Manhattan,1456.0,4545.45454545,3089.45454545,0.0271428571429,2.12187812188
1084,36061021400,Manhattan,1112.0,4054.28571429,2942.28571429,0.163636363636,2.64594039055
1085,36061021600,Manhattan,1080.0,6698.94736842,5618.94736842,0.162310866575,5.20272904483
1087,36061022000,Manhattan,1075.0,5376.10169492,4301.10169492,0.214479638009,4.00102483248
1088,36061022200,Manhattan,898.0,10268.1818182,9370.18181818,0.339382940109,10.4345009111
1089,36061022302,Manhattan,1081.0,4216.36363636,3135.36363636,0.30243902439,2.9004288958
1090,36061022400,Manhattan,701.0,4485.38461538,3784.38461538,0.427586206897,5.3985515198
1091,36061022500,Manhattan,1098.0,4793.07692308,3695.07692308,0.264248704663,3.36527952922
1092,36061022800,Manhattan,970.0,5277.5,4307.5,0.28903654485,4.44072164948
1093,36061023100,Manhattan,1268.0,4400.37735849,3132.37735849,0.201329534663,2.47032914707
1094,36061023200,Manhattan,799.0,3531.81818182,2732.81818182,0.254227405248,3.4202980999
1095,36061023400,Manhattan,1228.0,4277.5,3049.5,0.275824175824,2.48330618893
1096,36061023600,Manhattan,811.0,3258.0,2447.0,0.159104658197,3.01726263872
1097,36061023700,Manhattan,1142.0,5308.8,4166.8,0.140060240964,3.64868651489
1098,36061023801,Manhattan,2015.0,11178.0,9163.0,0.0607192900514,4.54739454094
1099,36061023802,Manhattan,2676.0,3352.5,676.5,0.0456140350877,0.252802690583
1101,36061024100,Manhattan,1167.0,3933.15789474,2766.15789474,0.238456237078,2.37031524828
1102,36061024200,Manhattan,484.0,4671.42857143,4187.42857143,0.438150289017,8.65171192444
1103,36061024302,Manhattan,469.0,3438.0,2969.0,0.384318056322,6.33049040512
1104,36061024500,Manhattan,1045.0,4772.14285714,3727.14285714,0.220736876426,3.56664388243
1105,36061024700,Manhattan,1184.0,6957.0,5773.0,0.160167130919,4.87584459459
1106,36061024900,Manhattan,895.0,4125.0,3230.0,0.222707423581,3.60893854749
1107,36061025100,Manhattan,956.0,3394.28571429,2438.28571429,0.247191011236,2.55050806934
1108,36061025300,Manhattan,1150.0,5397.39130435,4247.39130435,0.233600755073,3.69338374291
1109,36061025500,Manhattan,1463.0,3536.66666667,2073.66666667,0.13829787234,1.41740715425
1110,36061025700,Manhattan,1470.0,4966.5,3496.5,0.0937808489635,2.37857142857
1111,36061025900,Manhattan,1111.0,4440.0,3329.0,0.255702280912,2.99639963996
1112,36061026100,Manhattan,994.0,2598.0,1604.0,0.309352517986,1.61368209256
1113,36061026300,Manhattan,1173.0,3420.0,2247.0,0.348104956268,1.91560102302
1114,36061026500,Manhattan,1349.0,4372.5,3023.5,0.115103127079,2.24128984433
1115,36061026900,Manhattan,1101.0,3480.0,2379.0,0.227945529899,2.16076294278
1116,36061027300,Manhattan,1519.0,3625.71428571,2106.71428571,0.132530120482,1.38690868052
1117,36061027500,Manhattan,1525.0,4025.0,2500.0,0.0730897009967,1.6393442623
1118,36061027700,Manhattan,1082.0,3810.0,2728.0,0.348690153568,2.52125693161
1119,36061027900,Manhattan,1285.0,3220.0,1935.0,0.118896925859,1.50583657588
1120,36061028100,Manhattan,1775.0,3567.5,1792.5,0.0452781371281,1.00985915493
1121,36061028300,Manhattan,1111.0,2907.0,1796.0,0.107230392157,1.61656165617
1122,36061028500,Manhattan,1223.0,3366.0,2143.0,0.251757188498,1.75224856909
1123,36061028700,Manhattan,1290.0,3341.05263158,2051.05263158,0.198630136986,1.58996328029
1124,36061029100,Manhattan,1032.0,4374.54545455,3342.54545455,0.275732531931,3.23890063425
1125,36061029300,Manhattan,1138.0,2802.5,1664.5,0.325523429711,1.46265377856
1126,36061029500,Manhattan,1344.0,3858.33333333,2514.33333333,0.13925729443,1.87078373016
1128,36061029900,Manhattan,616.0,2820.0,2204.0,0.316729323308,3.57792207792
1129,36061030300,Manhattan,1386.0,4590.0,3204.0,0.261797752809,2.31168831169
1130,36061030700,Manhattan,1433.0,4230.0,2797.0,0.00912646675359,1.95184926727
1131,36061030900,Manhattan,928.0,4722.85714286,3794.85714286,0.299204771372,4.08928571429
1133,36061031703,Manhattan,2967.0,8522.5,5555.5,0.0333665338645,1.87243006404
1134,36061031704,Manhattan,2883.0,7896.0,5013.0,0.030701754386,1.73881373569
1136,36081000100,Queens,2846.0,5267.14285714,2421.14285714,0.0444115470022,0.850717799417
1140,36081000700,Queens,1782.0,5165.33333333,3383.33333333,0.0245641838352,1.8986157875
1143,36081001200,Queens,1381.0,2625.0,1244.0,0.127659574468,0.900796524258
1145,36081001800,Queens,1331.0,2100.0,769.0,0.212283044059,0.577761081893
1146,36081001900,Queens,2573.0,4435.71428571,1862.71428571,0.0136239782016,0.723946477151
1147,36081002000,Queens,1542.0,11400.0,9858.0,0.156182212581,6.39299610895
1154,36081003100,Queens,1380.0,5937.5,4557.5,0.146341463415,3.30253623188
1155,36081003200,Queens,1417.0,2070.0,653.0,0.141176470588,0.460832745236
1156,36081003300,Queens,1691.0,4642.5,2951.5,0.186538461538,1.74541691307
1157,36081003600,Queens,1322.0,2160.0,838.0,0.0967351874244,0.633888048411
1159,36081003800,Queens,1261.0,2520.0,1259.0,0.243636363636,0.998413957177
1160,36081003900,Queens,1510.0,4500.0,2990.0,0.278260869565,1.98013245033
1162,36081004002,Queens,1320.0,3300.0,1980.0,0.265486725664,1.5
1163,36081004200,Queens,1370.0,2250.0,880.0,0.212723658052,0.642335766423
1164,36081004300,Queens,514.0,4770.0,4256.0,0.353820598007,8.28015564202
1166,36081004700,Queens,605.0,4665.0,4060.0,0.283796740173,6.71074380165
1168,36081005100,Queens,1351.0,7477.5,6126.5,0.270588235294,4.53478904515
1170,36081005300,Queens,1402.0,5362.8,3960.8,0.107487922705,2.82510699001
1171,36081005400,Queens,1406.0,2790.0,1384.0,0.196659073652,0.984352773826
1172,36081005500,Queens,1254.0,6410.0,5156.0,0.107296137339,4.11164274322
1173,36081005700,Queens,1444.0,4383.0,2939.0,0.212290502793,2.03531855956
1174,36081005800,Queens,1266.0,1440.0,174.0,0.0587071240106,0.137440758294
1175,36081005900,Queens,1705.0,4734.375,3029.375,0.0963541666667,1.77675953079
1176,36081006100,Queens,1517.0,4097.41935484,2580.41935484,0.0953506698188,1.7010015523
1179,36081006300,Queens,1405.0,3672.85714286,2267.85714286,0.165217391304,1.61413319777
1180,36081006501,Queens,1502.0,5416.0,3914.0,0.03300330033,2.60585885486
1181,36081006502,Queens,1546.0,3450.0,1904.0,0.165628891656,1.23156532988
1182,36081006900,Queens,1527.0,3810.0,2283.0,0.0530145530146,1.49508840864
1183,36081007100,Queens,1628.0,3516.0,1888.0,0.14481897628,1.15970515971
1184,36081007300,Queens,1624.0,3180.0,1556.0,0.128898128898,0.958128078818
1185,36081007500,Queens,1415.0,4738.96551724,3323.96551724,0.0536756126021,2.34909223833
1186,36081007700,Queens,1802.0,3375.0,1573.0,0.043795620438,0.872918978912
1187,36081007900,Queens,1600.0,3962.72727273,2362.72727273,0.220221606648,1.47670454546
1188,36081008100,Queens,1734.0,5010.0,3276.0,0.103734439834,1.8892733564
1189,36081008500,Queens,1398.0,5625.0,4227.0,0.151515151515,3.02360515021
1190,36081008600,Queens,1378.0,6495.0,5117.0,0.119293078056,3.71335268505
1192,36081009100,Queens,1608.0,2970.0,1362.0,0.0612244897959,0.847014925373
1194,36081009500,Queens,1752.0,2887.5,1135.5,0.121306376361,0.648116438356
1195,36081009600,Queens,1471.0,3750.0,2279.0,0.0814639905549,1.54928619986
1196,36081009700,Queens,1747.0,4630.0,2883.0,0.0208574739282,1.65025758443
1197,36081009800,Queens,1305.0,5970.0,4665.0,0.223076923077,3.57471264368
1200,36081010100,Queens,1488.0,4130.0,2642.0,0.0459770114943,1.77553763441
1202,36081010300,Queens,1432.0,3414.0,1982.0,0.0825921219822,1.38407821229
1203,36081010400,Queens,1312.0,5970.0,4658.0,0.191646191646,3.55030487805
1204,36081010500,Queens,1459.0,3200.0,1741.0,0.149131767109,1.1932830706
1205,36081010600,Queens,1170.0,4950.0,3780.0,0.209362808843,3.23076923077
1208,36081011000,Queens,1446.0,2310.0,864.0,0.197452229299,0.597510373444
1210,36081011300,Queens,1455.0,3127.89473684,1672.89473684,0.0375,1.14975583288
1212,36081011500,Queens,1551.0,3852.0,2301.0,0.15990990991,1.4835589942
1214,36081011700,Queens,1606.0,4062.5,2456.5,0.0961002785515,1.5295765878
1215,36081011800,Queens,1596.0,4200.0,2604.0,0.173214285714,1.63157894737
1216,36081011900,Queens,1564.0,4465.0,2901.0,0.128526645768,1.85485933504
1218,36081012100,Queens,1590.0,3825.0,2235.0,0.0859728506787,1.40566037736
1220,36081012301,Queens,1550.0,6750.0,5200.0,0.0386554621849,3.35483870968
1222,36081012500,Queens,1504.0,3943.33333333,2439.33333333,0.0714285714286,1.62189716312
1223,36081012601,Queens,1413.0,1770.0,357.0,0.184834123223,0.252653927813
1225,36081012800,Queens,1378.0,5700.0,4322.0,0.14979757085,3.13642960813
1226,36081013000,Queens,1407.0,8700.0,7293.0,0.0,5.18336886994
1228,36081013400,Queens,1408.0,3750.0,2342.0,0.0863737900223,1.66335227273
1229,36081013500,Queens,1408.0,3600.0,2192.0,0.0394190871369,1.55681818182
1230,36081013600,Queens,1375.0,4500.0,3125.0,0.0320366132723,2.27272727273
1231,36081013700,Queens,1724.0,3300.0,1576.0,0.105769230769,0.914153132251
1234,36081014100,Queens,1413.0,2480.0,1067.0,0.0446927374302,0.755130927105
1237,36081014300,Queens,1384.0,3870.0,2486.0,0.112866817156,1.79624277457
1238,36081014400,Queens,1303.0,1470.0,167.0,0.15671641791,0.128165771297
1239,36081014500,Queens,1518.0,3033.75,1515.75,0.136842105263,0.998517786561
1240,36081014700,Queens,1487.0,4564.28571429,3077.28571429,0.0277427490542,2.06945912192
1241,36081014800,Queens,1352.0,2850.0,1498.0,0.155241935484,1.10798816568
1242,36081014900,Queens,1587.0,4129.09090909,2542.09090909,0.0183823529412,1.60182161883
1244,36081015100,Queens,1431.0,4042.5,2611.5,0.157894736842,1.8249475891
1246,36081015300,Queens,1554.0,4974.0,3420.0,0.0991253644315,2.20077220077
1247,36081015400,Queens,1327.0,1650.0,323.0,0.131931166348,0.243406179352
1248,36081015500,Queens,1480.0,3767.5,2287.5,0.105960264901,1.54560810811
1250,36081015700,Queens,1376.0,3690.0,2314.0,0.229249011858,1.68168604651
1253,36081015900,Queens,1381.0,3623.57142857,2242.57142857,0.214095744681,1.62387503879
1254,36081016100,Queens,1556.0,3526.66666667,1970.66666667,0.179211469534,1.26649528706
1258,36081016900,Queens,1422.0,4113.75,2691.75,0.0376175548589,1.89293248945
1263,36081017600,Queens,1598.0,3000.0,1402.0,0.0967153284672,0.877346683354
1265,36081017900,Queens,1347.0,3080.0,1733.0,0.100436681223,1.286562732
1267,36081018101,Queens,1385.0,2886.42857143,1501.42857143,0.151898734177,1.08406395049
1268,36081018102,Queens,1470.0,3370.0,1900.0,0.13828425096,1.2925170068
1269,36081018200,Queens,1573.0,1500.0,-73.0,0.0588235294118,-0.0464081373172
1270,36081018300,Queens,1417.0,3990.0,2573.0,0.161269430052,1.81580804517
1271,36081018401,Queens,1156.0,2070.0,914.0,0.0893536121673,0.790657439446
1273,36081018501,Queens,1346.0,7350.0,6004.0,0.127990430622,4.46062407132
1274,36081018502,Queens,1569.0,3930.0,2361.0,0.156578947368,1.50478011472
1276,36081018700,Queens,1350.0,7250.0,5900.0,0.0509461426492,4.37037037037
1277,36081018800,Queens,1396.0,1800.0,404.0,0.0335570469799,0.289398280802
1278,36081018900,Queens,1383.0,3880.0,2497.0,0.133940182055,1.80549530007
1279,36081019000,Queens,1407.0,2835.0,1428.0,0.0582706766917,1.01492537313
1282,36081019800,Queens,1327.0,5580.0,4253.0,0.334920634921,3.20497362472
1283,36081019900,Queens,1289.0,3290.0,2001.0,0.173913043478,1.55236617533
1284,36081020200,Queens,1088.0,2850.0,1762.0,0.189415041783,1.61948529412
1289,36081021200,Queens,1182.0,1920.0,738.0,0.137078651685,0.624365482234
1290,36081021400,Queens,1380.0,2310.0,930.0,0.252481389578,0.673913043478
1293,36081022001,Queens,1375.0,2190.0,815.0,0.0511784511785,0.592727272727
1294,36081022002,Queens,1326.0,2170.0,844.0,0.116395494368,0.636500754148
1296,36081023000,Queens,1644.0,1950.0,306.0,0.0425531914894,0.186131386861
1297,36081023200,Queens,1423.0,3270.0,1847.0,0.111683848797,1.297962052
1298,36081023500,Queens,1363.0,3205.71428571,1842.71428571,0.188854489164,1.35195472172
1302,36081024300,Queens,1582.0,3600.0,2018.0,0.0593093093093,1.27560050569
1304,36081024900,Queens,1420.0,3678.75,2258.75,0.100798403194,1.59066901408
1305,36081025100,Queens,1429.0,2970.0,1541.0,0.0354609929078,1.07837648705
1306,36081025301,Queens,1450.0,3692.5,2242.5,0.102362204724,1.54655172414
1307,36081025302,Queens,1405.0,3938.57142857,2533.57142857,0.18201754386,1.80325368581
1310,36081025700,Queens,1309.0,2700.0,1391.0,0.022641509434,1.06264323911
1312,36081025900,Queens,1408.0,3240.0,1832.0,0.0727848101266,1.30113636364
1314,36081026100,Queens,1313.0,3963.75,2650.75,0.219178082192,2.01884996192
1316,36081026300,Queens,1561.0,3678.0,2117.0,0.199146514936,1.35618193466
1318,36081026500,Queens,1425.0,3090.0,1665.0,0.123470522803,1.16842105263
1319,36081026600,Queens,390.0,4200.0,3810.0,0.11963190184,9.76923076923
1320,36081026700,Queens,1395.0,2480.0,1085.0,0.127402135231,0.777777777778
1323,36081027000,Queens,1454.0,3000.0,1546.0,0.233560090703,1.06327372765
1325,36081027400,Queens,1221.0,1650.0,429.0,0.0,0.351351351351
1326,36081027500,Queens,1328.0,1950.0,622.0,0.140428211587,0.468373493976
1327,36081027700,Queens,1241.0,3750.0,2509.0,0.108585858586,2.02175664786
1329,36081027900,Queens,1371.0,4042.5,2671.5,0.0636363636364,1.94857768053
1331,36081028100,Queens,1269.0,5195.0,3926.0,0.0467479674797,3.09377462569
1333,36081028300,Queens,1361.0,3198.0,1837.0,0.145872129112,1.34974283615
1334,36081028400,Queens,1625.0,2970.0,1345.0,0.169164882227,0.827692307692
1335,36081028500,Queens,1365.0,2784.0,1419.0,0.144545454545,1.03956043956
1336,36081028700,Queens,1226.0,4188.0,2962.0,0.104358502149,2.41598694943
1337,36081028800,Queens,1455.0,3900.0,2445.0,0.0986175115207,1.68041237113
1338,36081028900,Queens,1420.0,3000.0,1580.0,0.122866894198,1.11267605634
1339,36081029100,Queens,1350.0,3520.0,2170.0,0.188664596273,1.60740740741
1340,36081029300,Queens,1385.0,6600.0,5215.0,0.0722433460076,3.76534296029
1341,36081029400,Queens,1196.0,3840.0,2644.0,0.0459697732997,2.21070234114
1342,36081029500,Queens,1359.0,4500.0,3141.0,0.0650054171181,2.31125827815
1343,36081029700,Queens,1497.0,2760.0,1263.0,0.183467741935,0.843687374749
1346,36081030902,Queens,1434.0,2850.0,1416.0,0.222868217054,0.987447698745
1348,36081030904,Queens,1527.0,3735.0,2208.0,0.125916870416,1.44597249509
1349,36081031700,Queens,1637.0,3345.0,1708.0,0.102416570771,1.04337202199
1350,36081032000,Queens,1476.0,2870.0,1394.0,0.0637544273908,0.944444444444
1351,36081032800,Queens,1451.0,3300.0,1849.0,0.0856643356643,1.27429359063
1352,36081032900,Queens,1449.0,5250.0,3801.0,0.127058823529,2.6231884058
1353,36081033000,Queens,1553.0,1785.0,232.0,0.103217158177,0.149388280747
1356,36081033402,Queens,1079.0,1890.0,811.0,0.0630630630631,0.751621872104
1357,36081033700,Queens,1373.0,2400.0,1027.0,0.164588528678,0.747997086672
1359,36081034700,Queens,1523.0,4200.0,2677.0,0.147952443857,1.75771503611
1360,36081035100,Queens,1274.0,3300.0,2026.0,0.146176185866,1.59026687598
1363,36081035700,Queens,1211.0,6400.0,5189.0,0.0813793103448,4.28488852188
1364,36081035800,Queens,1446.0,4500.0,3054.0,0.0372736954207,2.11203319502
1366,36081036300,Queens,1385.0,4800.0,3415.0,0.198630136986,2.46570397112
1367,36081036500,Queens,1272.0,5250.0,3978.0,0.200351493849,3.12735849057
1368,36081036700,Queens,1457.0,3375.0,1918.0,0.127886323268,1.31640356898
1370,36081037300,Queens,1402.0,2040.0,638.0,0.151802656546,0.455064194009
1371,36081037500,Queens,1413.0,3120.0,1707.0,0.164935064935,1.20806794055
1372,36081037600,Queens,1320.0,4500.0,3180.0,0.0714285714286,2.40909090909
1379,36081039800,Queens,1203.0,10290.0,9087.0,0.0456852791878,7.5536159601
1380,36081039900,Queens,1377.0,3750.0,2373.0,0.219817767654,1.72331154684
1382,36081040100,Queens,1487.0,3210.0,1723.0,0.198581560284,1.15870880968
1388,36081041300,Queens,1614.0,3000.0,1386.0,0.253588516746,0.85873605948
1390,36081041500,Queens,1410.0,4420.0,3010.0,0.157342657343,2.13475177305
1395,36081043400,Queens,1678.0,2700.0,1022.0,0.0140449438202,0.609058402861
1398,36081043900,Queens,1440.0,4470.0,3030.0,0.368639667705,2.10416666667
1399,36081044000,Queens,1397.0,2700.0,1303.0,0.15494636472,0.932712956335
1402,36081044602,Queens,1212.0,2700.0,1488.0,0.345588235294,1.22772277228
1406,36081045400,Queens,1490.0,1800.0,310.0,0.13154960981,0.208053691275
1407,36081045500,Queens,1398.0,2160.0,762.0,0.139801144923,0.545064377682
1409,36081045700,Queens,1413.0,4005.0,2592.0,0.0844594594595,1.83439490446
1411,36081045900,Queens,1475.0,3870.0,2395.0,0.167286245353,1.62372881356
1414,36081046200,Queens,1323.0,5400.0,4077.0,0.109935332158,3.08163265306
1415,36081046300,Queens,1437.0,2970.0,1533.0,0.212368728121,1.06680584551
1418,36081046600,Queens,1553.0,3000.0,1447.0,0.135338345865,0.931745009659
1419,36081046700,Queens,1283.0,5550.0,4267.0,0.290441176471,3.32579890881
1420,36081046900,Queens,1250.0,2685.0,1435.0,0.271954674221,1.148
1422,36081047100,Queens,1376.0,3500.0,2124.0,0.208970438328,1.54360465116
1424,36081047300,Queens,1546.0,5253.75,3707.75,0.153342070773,2.39828589909
1425,36081047500,Queens,1414.0,5010.0,3596.0,0.176800748363,2.54314002829
1426,36081047800,Queens,1268.0,7350.0,6082.0,0.0631434454358,4.79652996845
1427,36081047900,Queens,1436.0,3822.0,2386.0,0.144029850746,1.66155988858
1430,36081048300,Queens,1504.0,3150.0,1646.0,0.17575083426,1.09441489362
1433,36081048900,Queens,1616.0,4065.0,2449.0,0.0820105820106,1.51547029703
1434,36081049200,Queens,1164.0,2850.0,1686.0,0.0437044745057,1.44845360825
1435,36081049301,Queens,1341.0,4500.0,3159.0,0.0592105263158,2.35570469799
1438,36081049600,Queens,1339.0,1875.0,536.0,0.115961800819,0.400298730396
1440,36081049900,Queens,1503.0,2670.0,1167.0,0.106086956522,0.776447105788
1443,36081050202,Queens,1321.0,13500.0,12179.0,0.0119402985075,9.21953065859
1448,36081051100,Queens,1284.0,2680.0,1396.0,0.0191489361702,1.08722741433
1449,36081051300,Queens,1364.0,5970.0,4606.0,0.0208768267223,3.37683284457
1450,36081051500,Queens,1440.0,2610.0,1170.0,0.0841379310345,0.8125
1452,36081051700,Queens,1464.0,3675.0,2211.0,0.10396039604,1.51024590164
1455,36081052100,Queens,1288.0,3750.0,2462.0,0.11320754717,1.91149068323
1458,36081052500,Queens,1500.0,7500.0,6000.0,0.101382488479,4.0
1460,36081052800,Queens,1589.0,2630.0,1041.0,0.112540192926,0.655129011957
1462,36081053100,Queens,1348.0,3306.0,1958.0,0.0863557858377,1.45252225519
1465,36081053500,Queens,1406.0,2535.0,1129.0,0.190476190476,0.802987197724
1466,36081053601,Queens,1109.0,3000.0,1891.0,0.0663265306122,1.70513976555
1468,36081053900,Queens,1307.0,4043.68421053,2736.68421053,0.162259615385,2.09386703178
1469,36081054000,Queens,1318.0,1950.0,632.0,0.154701718908,0.479514415781
1471,36081054500,Queens,1287.0,4478.57142857,3191.57142857,0.172161172161,2.47985347985
1472,36081054700,Queens,1398.0,2600.0,1202.0,0.214734950584,0.859799713877
1474,36081054900,Queens,1332.0,2700.0,1368.0,0.272561531449,1.02702702703
1475,36081055100,Queens,1255.0,2946.0,1691.0,0.193060498221,1.34741035857
1477,36081055300,Queens,1300.0,3896.66666667,2596.66666667,0.309090909091,1.99743589744
1479,36081055500,Queens,1245.0,2364.0,1119.0,0.2,0.898795180723
1481,36081055700,Queens,1279.0,2595.0,1316.0,0.177508269019,1.02892885066
1483,36081055900,Queens,1287.0,3480.0,2193.0,0.307142857143,1.70396270396
1488,36081056500,Queens,1383.0,1770.0,387.0,0.201238390093,0.279826464208
1490,36081056700,Queens,1467.0,2850.0,1383.0,0.0392156862745,0.942740286299
1495,36081058100,Queens,1279.0,4470.0,3191.0,0.0998531571219,2.49491790461
1496,36081058200,Queens,1356.0,3150.0,1794.0,0.136678200692,1.32300884956
1497,36081058300,Queens,1341.0,3217.5,1876.5,0.102708803612,1.39932885906
1498,36081058500,Queens,1328.0,5037.0,3709.0,0.140480591497,2.79292168675
1500,36081058900,Queens,1294.0,3000.0,1706.0,0.248648648649,1.31839258114
1502,36081059100,Queens,1171.0,3273.33333333,2102.33333333,0.0976923076923,1.79533162539
1503,36081059300,Queens,1290.0,2850.0,1560.0,0.104146576663,1.20930232558
1504,36081059400,Queens,1155.0,4950.0,3795.0,0.031914893617,3.28571428571
1505,36081059500,Queens,1261.0,3225.0,1964.0,0.142418032787,1.55749405234
1515,36081061000,Queens,1972.0,2970.0,998.0,0.0,0.506085192698
1517,36081061301,Queens,1349.0,3100.0,1751.0,0.17279174726,1.29799851742
1522,36081061900,Queens,1139.0,3300.0,2161.0,0.118314424635,1.89727831431
1533,36081063301,Queens,1336.0,17970.0,16634.0,0.0418848167539,12.4505988024
1537,36081063800,Queens,1460.0,4350.0,2890.0,0.0610169491525,1.97945205479
1541,36081064500,Queens,1571.0,3300.0,1729.0,0.0546139359699,1.10057288351
1542,36081064600,Queens,1425.0,5070.0,3645.0,0.0879432624113,2.55789473684
1546,36081065600,Queens,1769.0,2490.0,721.0,0.0995065789474,0.407574901074
1547,36081065702,Queens,1438.0,2970.0,1532.0,0.0623655913978,1.06536856745
1548,36081065703,Queens,1330.0,7800.0,6470.0,0.0443548387097,4.86466165414
1549,36081065900,Queens,1408.0,2940.0,1532.0,0.0482456140351,1.08806818182
1551,36081066100,Queens,1361.0,2970.0,1609.0,0.0320855614973,1.18221895665
1552,36081066400,Queens,1567.0,3400.0,1833.0,0.0662571303203,1.16975111678
1553,36081066701,Queens,1435.0,2370.0,935.0,0.0693430656934,0.651567944251
1557,36081067900,Queens,1193.0,4500.0,3307.0,0.0823244552058,2.77200335289
1561,36081068700,Queens,1383.0,3150.0,1767.0,0.133905579399,1.27765726681
1563,36081069300,Queens,1426.0,2550.0,1124.0,0.153963414634,0.788218793829
1565,36081069500,Queens,1455.0,3150.0,1695.0,0.0589569160998,1.16494845361
1566,36081069701,Queens,1450.0,3270.0,1820.0,0.082264957265,1.25517241379
1567,36081069702,Queens,1460.0,3480.0,2020.0,0.03951701427,1.38356164384
1568,36081070300,Queens,1196.0,2850.0,1654.0,0.0237623762376,1.38294314381
1569,36081070700,Queens,1200.0,6750.0,5550.0,0.0806223479491,4.625
1570,36081070900,Queens,1811.0,7740.0,5929.0,0.0412541254125,3.27388183324
1571,36081071100,Queens,1446.0,3355.71428571,1909.71428571,0.0939794419971,1.32068761114
1572,36081071303,Queens,1642.0,2550.0,908.0,0.0373831775701,0.552984165652
1575,36081071306,Queens,1477.0,5064.0,3587.0,0.173590504451,2.42857142857
1577,36081071702,Queens,1130.0,8250.0,7120.0,0.137440758294,6.30088495575
1578,36081071900,Queens,1424.0,4250.0,2826.0,0.167364016736,1.9845505618
1579,36081072100,Queens,1063.0,3375.0,2312.0,0.0601317957166,2.17497648166
1580,36081072300,Queens,2333.0,12225.0,9892.0,0.00796812749004,4.24003429061
1581,36081072900,Queens,1500.0,15000.0,13500.0,0.0555555555556,9.0
1583,36081073700,Queens,1595.0,4275.0,2680.0,0.0147783251232,1.6802507837
1584,36081073900,Queens,1685.0,3727.5,2042.5,0.0256175663312,1.21216617211
1585,36081074100,Queens,1366.0,2700.0,1334.0,0.0289093298292,0.976573938507
1586,36081074300,Queens,1320.0,3870.0,2550.0,0.046875,1.93181818182
1587,36081074500,Queens,1096.0,2775.0,1679.0,0.173114119923,1.53193430657
1589,36081075701,Queens,1640.0,4590.0,2950.0,0.0160857908847,1.7987804878
1590,36081075702,Queens,1524.0,3560.0,2036.0,0.0675547098002,1.33595800525
1591,36081076902,Queens,1684.0,3600.0,1916.0,0.0663265306122,1.1377672209
1592,36081077300,Queens,1194.0,4500.0,3306.0,0.0674157303371,2.76884422111
1593,36081077500,Queens,1347.0,4950.0,3603.0,0.0692124105012,2.67483296214
1594,36081077902,Queens,1497.0,3450.0,1953.0,0.0738724727838,1.30460921844
1596,36081077904,Queens,1630.0,3150.0,1520.0,0.095646842428,0.932515337423
1598,36081077907,Queens,1351.0,2940.0,1589.0,0.143884892086,1.17616580311
1599,36081077908,Queens,1356.0,4170.0,2814.0,0.134146341463,2.07522123894
1600,36081078800,Queens,1797.0,1470.0,-327.0,0.0575539568345,-0.181969949917
1601,36081079000,Queens,1257.0,5850.0,4593.0,0.210977701544,3.65393794749
1604,36081079701,Queens,1288.0,2970.0,1682.0,0.112447384245,1.30590062112
1608,36081080302,Queens,1442.0,2550.0,1108.0,0.0422222222222,0.768377253814
1609,36081080900,Queens,894.0,1200.0,306.0,0.0698954320308,0.342281879195
1612,36081083700,Queens,1226.0,4650.0,3424.0,0.160583941606,2.79282218597
1617,36081084602,Queens,1650.0,3450.0,1800.0,0.0708333333333,1.09090909091
1618,36081085300,Queens,1464.0,9990.0,8526.0,0.184466019417,5.8237704918
1619,36081085500,Queens,1275.0,2400.0,1125.0,0.170187793427,0.882352941176
1620,36081085700,Queens,1323.0,6000.0,4677.0,0.256910569106,3.53514739229
1621,36081085900,Queens,1353.0,2700.0,1347.0,0.205350118017,0.9955654102
1626,36081086900,Queens,1590.0,2934.0,1344.0,0.317669172932,0.845283018868
1627,36081087100,Queens,716.0,6540.0,5824.0,0.346551724138,8.13407821229
1628,36081088400,Queens,1637.0,4550.0,2913.0,0.0631092868138,1.77947464875
1629,36081088901,Queens,1137.0,4992.0,3855.0,0.225237449118,3.39050131926
1630,36081089200,Queens,2023.0,2985.0,962.0,0.0260869565217,0.475531389026
1634,36081092200,Queens,1705.0,5550.0,3845.0,0.0172117039587,2.25513196481
1637,36081093401,Queens,1436.0,4650.0,3214.0,0.0357142857143,2.23816155989
1640,36081093900,Queens,1624.0,3000.0,1376.0,0.059880239521,0.847290640394
1641,36081094201,Queens,1348.0,3500.0,2152.0,0.0659340659341,1.59643916914
1642,36081094202,Queens,680.0,4410.0,3730.0,0.2683912692,5.48529411765
1643,36081094203,Queens,865.0,5571.42857143,4706.42857143,0.0371959942775,5.44095788605
1645,36081094700,Queens,1458.0,12000.0,10542.0,0.144409937888,7.2304526749
1646,36081095400,Queens,1264.0,4957.5,3693.5,0.167958656331,2.92207278481
1647,36081096400,Queens,1336.0,5053.33333333,3717.33333333,0.122613065327,2.78243512974
1648,36081097202,Queens,1035.0,4500.0,3465.0,0.271604938272,3.34782608696
1649,36081097203,Queens,410.0,5100.0,4690.0,0.411728772144,11.4390243902
1650,36081097204,Queens,801.0,2550.0,1749.0,0.247218788628,2.18352059925
1652,36081098100,Queens,1616.0,12000.0,10384.0,0.0653789004458,6.42574257426
1654,36081099200,Queens,1095.0,6600.0,5505.0,0.211790393013,5.02739726027
1657,36081099704,Queens,1640.0,5595.0,3955.0,0.0557508789553,2.41158536585
1659,36081099801,Queens,1133.0,2625.0,1492.0,0.161523309258,1.31685789938
1668,36081103900,Queens,1666.0,3150.0,1484.0,0.0277938621888,0.890756302521
1673,36081109300,Queens,1794.0,7500.0,5706.0,0.0180084745763,3.18060200669
1675,36081109900,Queens,1504.0,4500.0,2996.0,0.0581516095535,1.9920212766
1676,36081111300,Queens,1955.0,5595.0,3640.0,0.0585197934596,1.86189258312
1677,36081112300,Queens,1746.0,4230.0,2484.0,0.105675146771,1.42268041237
1678,36081112900,Queens,1812.0,5400.0,3588.0,0.0552845528455,1.98013245033
1682,36081114700,Queens,1938.0,1830.0,-108.0,0.0526315789474,-0.0557275541796
1686,36081115900,Queens,1381.0,2400.0,1019.0,0.117041198502,0.737871107893
1687,36081116100,Queens,1405.0,3900.0,2495.0,0.185286103542,1.77580071174
1688,36081116300,Queens,1343.0,4050.0,2707.0,0.20618556701,2.0156366344
1698,36081119900,Queens,1591.0,2430.0,839.0,0.128865979381,0.527341294783
1700,36081120300,Queens,1417.0,3600.0,2183.0,0.169811320755,1.54057868737
1701,36081120500,Queens,1056.0,3300.0,2244.0,0.256990679095,2.125
1702,36081120700,Queens,1690.0,4965.0,3275.0,0.105485232068,1.93786982249
1704,36081121500,Queens,1420.0,1470.0,50.0,0.136281588448,0.0352112676056
1705,36081122300,Queens,1745.0,15300.0,13555.0,0.0520951302378,7.76790830946
1706,36081122701,Queens,1144.0,2400.0,1256.0,0.104527296937,1.0979020979
1707,36081122702,Queens,539.0,1710.0,1171.0,0.421361502347,2.17254174397
1708,36081124100,Queens,1493.0,2835.0,1342.0,0.0767441860465,0.898861352981
1710,36081127700,Queens,2209.0,7552.5,5343.5,0.0565371024735,2.41896785876
1716,36081133300,Queens,1691.0,10500.0,8809.0,0.0437044745057,5.20934358368
1718,36081134100,Queens,1726.0,1470.0,-256.0,0.062091503268,-0.1483198146
1719,36081134700,Queens,1615.0,9000.0,7385.0,0.1589958159,4.57275541796
1721,36081137700,Queens,1547.0,5400.0,3853.0,0.118477593616,2.49062702004
1727,36081140902,Queens,2033.0,2550.0,517.0,0.0525641025641,0.25430398426
1728,36081141700,Queens,1615.0,5495.0,3880.0,0.0337552742616,2.40247678019
1730,36081143500,Queens,1798.0,2400.0,602.0,0.0780141843972,0.334816462736
1731,36081144100,Queens,1552.0,8970.0,7418.0,0.10941475827,4.77963917526
1737,36081146700,Queens,1525.0,1860.0,335.0,0.0722891566265,0.219672131148
1742,36081152901,Queens,2054.0,3000.0,946.0,0.0587912087912,0.460564751704
1752,36081161700,Queens,1382.0,3090.0,1708.0,0.0241286863271,1.23589001447
1753,36081162100,Queens,1490.0,3975.0,2485.0,0.0969773299748,1.6677852349
1755,36085000300,Richmond,1149.0,3150.0,2001.0,0.0880281690141,1.74151436031
1756,36085000600,Richmond,689.0,2250.0,1561.0,0.0960784313725,2.26560232221
1757,36085000700,Richmond,968.0,5048.18181818,4080.18181818,0.285070785071,4.21506386176
1758,36085000800,Richmond,1222.0,2655.0,1433.0,0.0910256410256,1.17266775777
1759,36085000900,Richmond,1215.0,3480.0,2265.0,0.175965665236,1.86419753086
1760,36085001700,Richmond,1156.0,3570.0,2414.0,0.241206030151,2.08823529412
1763,36085002002,Richmond,1534.0,3600.0,2066.0,0.0793269230769,1.34680573664
1764,36085002700,Richmond,1350.0,3760.0,2410.0,0.322580645161,1.78518518519
1765,36085003300,Richmond,1152.0,2580.0,1428.0,0.0834213305174,1.23958333333
1768,36085004000,Richmond,830.0,2100.0,1270.0,0.240037652965,1.53012048193
1769,36085004700,Richmond,1353.0,6000.0,4647.0,0.020618556701,3.43458980044
1770,36085005000,Richmond,1500.0,4185.0,2685.0,0.0793357933579,1.79
1771,36085005900,Richmond,1244.0,2970.0,1726.0,0.080303030303,1.38745980707
1772,36085006400,Richmond,706.0,3570.0,2864.0,0.173255813953,4.0566572238
1773,36085006700,Richmond,1166.0,5370.0,4204.0,0.0379746835443,3.60548885077
1774,36085007000,Richmond,1454.0,4800.0,3346.0,0.102691924227,2.30123796424
1775,36085007400,Richmond,982.0,12350.0,11368.0,0.109794628752,11.5763747454
1776,36085007500,Richmond,1383.0,2955.0,1572.0,0.251908396947,1.13665943601
1777,36085007700,Richmond,1154.0,1800.0,646.0,0.208074534161,0.55979202773
1778,36085008100,Richmond,872.0,5280.0,4408.0,0.220930232558,5.05504587156
1780,36085009602,Richmond,1266.0,2850.0,1584.0,0.0167597765363,1.25118483412
1781,36085009700,Richmond,1139.0,3600.0,2461.0,0.152866242038,2.16066725198
1782,36085010500,Richmond,1147.0,2550.0,1403.0,0.126602564103,1.22319093287
1783,36085011201,Richmond,1400.0,4800.0,3400.0,0.0164581961817,2.42857142857
1784,36085011202,Richmond,1217.0,2580.0,1363.0,0.142122186495,1.11996713229
1790,36085012804,Richmond,1169.0,1860.0,691.0,0.0867959372114,0.591103507271
1795,36085013204,Richmond,1415.0,3075.0,1660.0,0.0721966205837,1.17314487633
1797,36085013302,Richmond,1210.0,2250.0,1040.0,0.158236057069,0.859504132231
1799,36085013800,Richmond,1128.0,4155.0,3027.0,0.00827912477824,2.6835106383
1800,36085014100,Richmond,1143.0,2070.0,927.0,0.227194492255,0.811023622047
1801,36085014604,Richmond,1203.0,1950.0,747.0,0.09036445332,0.620947630923
1802,36085014605,Richmond,1218.0,1950.0,732.0,0.0352595494613,0.600985221675
1803,36085014606,Richmond,1491.0,2250.0,759.0,0.0578811369509,0.509054325956
1811,36085015603,Richmond,1472.0,2100.0,628.0,0.0606758832565,0.426630434783
1819,36085017012,Richmond,1364.0,1800.0,436.0,0.0717423133236,0.319648093842
1821,36085017700,Richmond,1656.0,12870.0,11214.0,0.0375321336761,6.77173913043
1823,36085018702,Richmond,961.0,1800.0,839.0,0.0318746623447,0.873048907388
1824,36085018902,Richmond,1289.0,1470.0,181.0,0.092959671907,0.140418929403
1830,36085020804,Richmond,1231.0,21000.0,19769.0,0.0790816326531,16.059301381
1831,36085021300,Richmond,987.0,5460.0,4473.0,0.212785388128,4.53191489362
1834,36085023100,Richmond,1555.0,4500.0,2945.0,0.164265129683,1.89389067524
1835,36085023900,Richmond,935.0,2520.0,1585.0,0.241293532338,1.69518716578
1836,36085024401,Richmond,1330.0,7425.0,6095.0,0.0238095238095,4.58270676692
1851,36085030302,Richmond,1680.0,9000.0,7320.0,0.161053276179,4.35714285714
1853,36085031902,Richmond,773.0,3000.0,2227.0,0.399180327869,2.88098318241
1854,36085032300,Richmond,1336.0,2550.0,1214.0,0.184523809524,0.908682634731
